,Timestamp,High,Low,Open,Close,Volume
0,1577836800,7254.33056640625,7174.9443359375,7194.89208984375,7200.17431640625,18565664997.0
1,1577923200,7212.1552734375,6935.27001953125,7202.55126953125,6985.47021484375,20802083465.0
2,1578009600,7413.71533203125,6914.99609375,6984.4287109375,7344.88427734375,28111481032.0
3,1578096000,7427.3857421875,7309.51416015625,7345.37548828125,7410.65673828125,18444271275.0
4,1578182400,7544.4970703125,7400.53564453125,7410.45166015625,7411.3173828125,19725074095.0
5,1578268800,7781.8671875,7409.29296875,7410.4521484375,7769.21923828125,23276261598.0
6,1578355200,8178.2158203125,7768.2275390625,7768.68212890625,8163.6923828125,28767291327.0
7,1578441600,8396.73828125,7956.7744140625,8161.935546875,8079.86279296875,31672559265.0
8,1578528000,8082.2958984375,7842.40380859375,8082.2958984375,7879.0712890625,24045990466.0
9,1578614400,8166.55419921875,7726.77490234375,7878.3076171875,8166.55419921875,28714583844.0
10,1578700800,8218.359375,8029.64208984375,8162.19091796875,8037.53759765625,25521165085.0
11,1578787200,8200.0634765625,8009.05908203125,8033.26171875,8192.494140625,22903438381.0
12,1578873600,8197.7880859375,8079.70068359375,8189.77197265625,8144.1943359375,22482910688.0
13,1578960000,8879.51171875,8140.93310546875,8140.93310546875,8827.7646484375,44841784107.0
14,1579046400,8890.1171875,8657.1875,8825.34375,8807.0107421875,40102834650.0
15,1579132800,8846.4609375,8612.095703125,8812.4814453125,8723.7861328125,31313981931.0
16,1579219200,8958.1220703125,8677.31640625,8725.2099609375,8929.0380859375,36372139320.0
17,1579305600,9012.1982421875,8827.33203125,8927.2119140625,8942.80859375,32337772627.0
18,1579392000,9164.3623046875,8620.080078125,8941.4453125,8706.2451171875,34217320471.0
19,1579478400,8745.5908203125,8560.4736328125,8704.6318359375,8657.642578125,26422375678.0
20,1579564800,8755.7060546875,8544.5205078125,8658.9912109375,8745.89453125,24097418512.0
21,1579651200,8792.994140625,8636.7470703125,8744.2109375,8680.8759765625,22600204051.0
22,1579737600,8687.7470703125,8333.6376953125,8680.650390625,8406.515625,25770680779.0
23,1579824000,8514.6669921875,8266.8408203125,8405.5673828125,8445.4345703125,24397913026.0
24,1579910400,8458.453125,8296.21875,8440.119140625,8367.84765625,19647331549.0
25,1579996800,8602.4013671875,8325.498046875,8364.41015625,8596.830078125,22177678796.0
26,1580083200,8977.7265625,8597.30859375,8597.30859375,8909.8193359375,28647338393.0
27,1580169600,9358.58984375,8908.447265625,8912.5244140625,9358.58984375,34398744403.0
28,1580256000,9406.431640625,9269.4677734375,9357.470703125,9316.6298828125,30682598115.0
29,1580342400,9553.1259765625,9230.8974609375,9316.0166015625,9508.9931640625,32378792851.0
30,1580428800,9521.7060546875,9230.7763671875,9508.3134765625,9350.529296875,29432489719.0
31,1580515200,9439.3232421875,9313.2392578125,9346.357421875,9392.875,25922656496.0
32,1580601600,9468.7978515625,9217.82421875,9389.8203125,9344.365234375,30835736946.0
33,1580688000,9540.3720703125,9248.6337890625,9344.68359375,9293.521484375,30934096509.0
34,1580774400,9331.265625,9112.8115234375,9292.841796875,9180.962890625,29893183716.0
35,1580860800,9701.2998046875,9163.7041015625,9183.416015625,9613.423828125,35222060874.0
36,1580947200,9824.619140625,9539.818359375,9617.8212890625,9729.8017578125,37628823716.0
37,1581033600,9834.716796875,9726.0029296875,9726.0029296875,9795.943359375,34522718159.0
38,1581120000,9876.7490234375,9678.91015625,9793.0703125,9865.119140625,35172043762.0
39,1581206400,10129.435546875,9850.392578125,9863.89453125,10116.673828125,35807884663.0
40,1581292800,10165.765625,9784.5634765625,10115.5595703125,9856.611328125,39386548075.0
41,1581379200,10210.052734375,9729.3349609375,9855.8916015625,10208.236328125,37648059389.0
42,1581465600,10393.611328125,10202.3876953125,10202.3876953125,10326.0546875,43444303830.0
43,1581552000,10457.626953125,10116.1611328125,10323.9609375,10214.3798828125,49356071373.0
44,1581638400,10321.99609375,10125.5341796875,10211.55078125,10312.1162109375,43338264162.0
45,1581724800,10341.5556640625,9874.427734375,10313.8564453125,9889.4248046875,43865054831.0
46,1581811200,10053.96875,9722.38671875,9889.1796875,9934.43359375,43374780305.0
47,1581897600,9938.8154296875,9507.6376953125,9936.560546875,9690.142578125,45998298413.0
48,1581984000,10161.935546875,9632.3828125,9691.23046875,10141.99609375,47271023953.0
49,1582070400,10191.67578125,9611.2236328125,10143.798828125,9633.38671875,46992019710.0
50,1582156800,9643.216796875,9507.900390625,9629.3251953125,9608.4755859375,44925260237.0
51,1582243200,9723.0146484375,9589.7431640625,9611.7822265625,9686.44140625,40930547513.0
52,1582329600,9698.2314453125,9600.728515625,9687.70703125,9663.181640625,35838025154.0
53,1582416000,9937.404296875,9657.791015625,9663.318359375,9924.515625,41185185761.0
54,1582502400,9951.74609375,9537.04296875,9921.5830078125,9650.1748046875,45080496648.0
55,1582588800,9652.7373046875,9305.021484375,9651.3125,9341.705078125,42515259129.0
56,1582675200,9354.7783203125,8704.4267578125,9338.2900390625,8820.5224609375,50420050762.0
57,1582761600,8932.892578125,8577.19921875,8825.09375,8784.494140625,45470195695.0
58,1582848000,8890.4560546875,8492.9326171875,8788.728515625,8672.455078125,44605450443.0
59,1582934400,8775.6318359375,8599.5087890625,8671.212890625,8599.5087890625,35792392544.0
60,1583020800,8726.796875,8471.212890625,8599.7587890625,8562.4541015625,35349164300.0
61,1583107200,8921.30859375,8532.630859375,8563.2646484375,8869.669921875,42857674409.0
62,1583193600,8901.5986328125,8704.990234375,8865.3876953125,8787.7861328125,42386715821.0
63,1583280000,8843.3662109375,8712.431640625,8788.5419921875,8755.24609375,34746706368.0
64,1583366400,9142.0546875,8757.25390625,8760.28515625,9078.7626953125,39698054597.0
65,1583452800,9167.6953125,9032.0791015625,9078.30859375,9122.5458984375,40826885651.0
66,1583539200,9163.220703125,8890.744140625,9121.6005859375,8909.9541015625,36216930370.0
67,1583625600,8914.34375,8105.2529296875,8908.2060546875,8108.1162109375,39973102121.0
68,1583712000,8177.79345703125,7690.09814453125,8111.146484375,7923.64453125,46936995808.0
69,1583798400,8136.9453125,7814.76318359375,7922.14697265625,7909.7294921875,42213940994.0
70,1583884800,7950.814453125,7642.8125,7910.08984375,7911.43017578125,38682762605.0
71,1583971200,7929.1162109375,4860.35400390625,7913.6162109375,4970.7880859375,53980357243.0
72,1584057600,5838.11474609375,4106.98095703125,5017.8310546875,5563.70703125,74156772075.0
73,1584144000,5625.2265625,5125.0693359375,5573.07763671875,5200.3662109375,36154506008.0
74,1584230400,5836.64501953125,5169.283203125,5201.06689453125,5392.31494140625,33997889639.0
75,1584316800,5385.2294921875,4575.35791015625,5385.2294921875,5014.47998046875,45368026430.0
76,1584403200,5371.3486328125,4981.9091796875,5002.578125,5225.62939453125,38622642935.0
77,1584489600,5331.833984375,5069.3359375,5227.11376953125,5238.4384765625,37878801016.0
78,1584576000,6329.73583984375,5236.96875,5245.41650390625,6191.19287109375,51000731797.0
79,1584662400,6844.26171875,5865.78173828125,6191.65380859375,6198.7783203125,54442976103.0
80,1584748800,6378.13525390625,5932.8232421875,6206.521484375,6185.06640625,42494390880.0
81,1584835200,6359.697265625,5823.7138671875,6185.55810546875,5830.2548828125,40099664740.0
82,1584921600,6443.9345703125,5785.00439453125,5831.37451171875,6416.31494140625,46491916000.0
83,1585008000,6789.02294921875,6411.06640625,6436.642578125,6734.8037109375,48221910672.0
84,1585094400,6892.51123046875,6536.92626953125,6738.716796875,6681.06298828125,44590107888.0
85,1585180800,6735.4638671875,6590.962890625,6675.1708984375,6716.4404296875,35319797642.0
86,1585267200,6793.83642578125,6466.70166015625,6719.38916015625,6469.79833984375,34585598367.0
87,1585353600,6467.5009765625,6117.837890625,6467.25390625,6242.19384765625,34885225901.0
88,1585440000,6250.46728515625,5920.0859375,6245.62451171875,5922.04296875,28373690931.0
89,1585526400,6517.19580078125,5903.234375,5925.53857421875,6429.841796875,37101651525.0
90,1585612800,6504.51513671875,6374.162109375,6430.6064453125,6438.64453125,32786468812.0
91,1585699200,6612.57373046875,6202.37353515625,6437.3193359375,6606.7763671875,40346426266.0
92,1585785600,7088.24755859375,6595.91845703125,6606.7763671875,6793.62451171875,47660646124.0
93,1585872000,7003.220703125,6673.3359375,6797.396484375,6733.38720703125,38976504903.0
94,1585958400,6878.95361328125,6696.48486328125,6738.3828125,6867.52734375,33185988584.0
95,1586044800,6883.4140625,6715.92919921875,6862.53759765625,6791.12939453125,29510409856.0
96,1586131200,7271.78125,6782.8896484375,6788.0498046875,7271.78125,46896904615.0
97,1586217600,7427.939453125,7136.71435546875,7273.64404296875,7176.41455078125,44243482668.0
98,1586304000,7356.2236328125,7153.3056640625,7179.283203125,7334.0986328125,37563249549.0
99,1586390400,7341.4482421875,7179.09423828125,7337.96630859375,7302.08935546875,34815139178.0
100,1586476800,7303.8154296875,6802.47509765625,7303.8154296875,6865.4931640625,43622840992.0
101,1586563200,6926.06982421875,6789.9208984375,6867.4404296875,6859.0830078125,31222085946.0
102,1586649600,7119.947265625,6811.078125,6858.06787109375,6971.091796875,35759567632.0
103,1586736000,6965.61669921875,6668.259765625,6965.61669921875,6845.03759765625,38619308647.0
104,1586822400,6958.55712890625,6793.8212890625,6843.28173828125,6842.427734375,34110434052.0
105,1586908800,6928.66455078125,6633.40283203125,6845.5615234375,6642.10986328125,32288311031.0
106,1586995200,7134.45068359375,6555.50439453125,6640.4541015625,7116.80419921875,46783242377.0
107,1587081600,7167.18310546875,7050.33203125,7116.552734375,7096.1845703125,32513423567.0
108,1587168000,7269.95654296875,7089.2470703125,7092.29150390625,7257.6650390625,32447188386.0
109,1587254400,7280.52197265625,7167.0546875,7260.92236328125,7189.4248046875,31311210215.0
110,1587340800,7240.29052734375,6835.5029296875,7186.87353515625,6881.95849609375,37747113936.0
111,1587427200,6934.5517578125,6834.4423828125,6879.7841796875,6880.3232421875,32589741511.0
112,1587513600,7145.86572265625,6867.78173828125,6879.4404296875,7117.20751953125,33249153866.0
113,1587600000,7491.78515625,7081.5947265625,7121.30615234375,7429.724609375,43500782316.0
114,1587686400,7574.19580078125,7434.181640625,7434.181640625,7550.90087890625,34636526286.0
115,1587772800,7641.36376953125,7521.67236328125,7550.48291015625,7569.93603515625,32941541447.0
116,1587859200,7700.59423828125,7561.40771484375,7570.13916015625,7679.8671875,33070154491.0
117,1587945600,7795.60107421875,7679.4189453125,7679.4189453125,7795.60107421875,36162144725.0
118,1588032000,7814.52734375,7730.806640625,7796.97021484375,7807.05859375,33187959921.0
119,1588118400,8871.75390625,7786.04931640625,7806.71240234375,8801.0380859375,60201052203.0
120,1588204800,9440.650390625,8533.255859375,8797.669921875,8658.5537109375,66964629541.0
121,1588291200,9048.0234375,8667.763671875,8672.7822265625,8864.7666015625,44068389997.0
122,1588377600,9007.1875,8811.3662109375,8869.0576171875,8988.5966796875,40134388683.0
123,1588464000,9167.78125,8830.9716796875,8983.6142578125,8897.46875,47101785174.0
124,1588550400,8956.90625,8645.0244140625,8895.7451171875,8912.654296875,45718796276.0
125,1588636800,9062.4150390625,8856.8271484375,8912.83203125,9003.0703125,43148462663.0
126,1588723200,9411.4677734375,8966.7060546875,9007.44140625,9268.76171875,49371886931.0
127,1588809600,9992.6640625,9138.322265625,9261.8955078125,9951.5185546875,61112700562.0
128,1588896000,9996.7431640625,9767.1728515625,9936.162109375,9842.666015625,51780748042.0
129,1588982400,9913.86328125,9580.64453125,9840.90625,9593.896484375,46566121841.0
130,1589068800,9595.5810546875,8395.107421875,9591.1689453125,8756.4306640625,63325279337.0
131,1589155200,9033.470703125,8374.3232421875,8755.53515625,8601.7958984375,57119858802.0
132,1589241600,8949.8984375,8569.6435546875,8610.3857421875,8804.4775390625,42142717533.0
133,1589328000,9317.87890625,8805.3876953125,8805.3876953125,9269.9873046875,45558144023.0
134,1589414400,9793.2685546875,9255.03515625,9271.3291015625,9733.7216796875,56426907637.0
135,1589500800,9755.828125,9261.3984375,9734.291015625,9328.197265625,48158802327.0
136,1589587200,9564.205078125,9260.6943359375,9333.240234375,9377.013671875,36164766408.0
137,1589673600,9823.001953125,9349.5458984375,9374.9296875,9670.7392578125,40084250663.0
138,1589760000,9906.0302734375,9570.359375,9675.6953125,9726.5751953125,41827139896.0
139,1589846400,9836.0478515625,9539.6240234375,9727.0634765625,9729.0380859375,39254288955.0
140,1589932800,9804.7939453125,9447.201171875,9725.3291015625,9522.9814453125,36546239703.0
141,1590019200,9555.2421875,8869.9306640625,9522.740234375,9081.76171875,39326160532.0
142,1590105600,9232.9365234375,9008.638671875,9080.3349609375,9182.5771484375,29810773699.0
143,1590192000,9302.501953125,9118.1083984375,9185.0625,9209.287109375,27727866812.0
144,1590278400,9288.404296875,8787.2509765625,9212.283203125,8790.3681640625,32518803300.0
145,1590364800,8951.005859375,8719.66796875,8786.107421875,8906.9345703125,31288157264.0
146,1590451200,8991.9677734375,8757.2939453125,8909.5859375,8835.052734375,29584186947.0
147,1590537600,9203.3203125,8834.1572265625,8837.380859375,9181.017578125,32740536902.0
148,1590624000,9546.3193359375,9148.45703125,9184.9453125,9525.7509765625,34367073114.0
149,1590710400,9573.6669921875,9379.3388671875,9528.35546875,9439.1240234375,32896642044.0
150,1590796800,9704.0302734375,9366.7294921875,9438.9140625,9700.4140625,32722975141.0
151,1590883200,9700.34375,9432.296875,9700.10546875,9461.05859375,27773290299.0
152,1590969600,10199.5654296875,9450.8994140625,9463.60546875,10167.2685546875,35198901068.0
153,1591056000,10182.3408203125,9460.5712890625,10162.9736328125,9529.8037109375,39137252109.0
154,1591142400,9682.859375,9471.8466796875,9533.7607421875,9656.7177734375,25007459262.0
155,1591228800,9887.6103515625,9525.2470703125,9655.8544921875,9800.63671875,25921805072.0
156,1591315200,9869.2373046875,9663.216796875,9800.2158203125,9665.533203125,23509628646.0
157,1591401600,9773.431640625,9591.0244140625,9664.904296875,9653.6796875,20438419222.0
158,1591488000,9768.498046875,9458.150390625,9653.0029296875,9758.8525390625,25015250846.0
159,1591574400,9782.306640625,9675.8857421875,9760.0634765625,9771.4892578125,21486346312.0
160,1591660800,9836.369140625,9664.7197265625,9774.3603515625,9795.7001953125,23717842783.0
161,1591747200,9908.896484375,9728.291015625,9794.119140625,9870.0947265625,25706567601.0
162,1591833600,9938.2978515625,9263.0693359375,9870.078125,9321.78125,30247143440.0
163,1591920000,9540.4658203125,9285.8515625,9320.6904296875,9480.84375,22610564515.0
164,1592006400,9493.2119140625,9396.009765625,9480.7353515625,9475.27734375,17564322315.0
165,1592092800,9482.2705078125,9347.59375,9477.5537109375,9386.7880859375,18991732746.0
166,1592179200,9504.8603515625,8990.17578125,9386.03515625,9450.7021484375,26699704768.0
167,1592265600,9579.4306640625,9400.4453125,9454.2666015625,9538.0244140625,21565537209.0
168,1592352000,9540.4228515625,9327.33984375,9533.7841796875,9480.2548828125,20177709879.0
169,1592438400,9482.7822265625,9328.3955078125,9481.5673828125,9411.8408203125,17770083003.0
170,1592524800,9440.8759765625,9274.2958984375,9410.2939453125,9288.0185546875,19632223107.0
171,1592611200,9394.9716796875,9247.3798828125,9290.9599609375,9332.3408203125,17130541557.0
172,1592697600,9401.107421875,9300.4306640625,9330.9267578125,9303.6298828125,15324301169.0
173,1592784000,9655.0732421875,9296.8720703125,9300.9150390625,9648.7177734375,21104009514.0
174,1592870400,9670.541015625,9547.2470703125,9644.076171875,9629.658203125,17006433272.0
175,1592956800,9680.3671875,9278.2333984375,9632.1494140625,9313.6103515625,18961716076.0
176,1593043200,9340.1611328125,9095.32421875,9314.126953125,9264.8134765625,18616048626.0
177,1593129600,9310.5166015625,9101.73828125,9260.9951171875,9162.91796875,18341465837.0
178,1593216000,9207.810546875,8998.216796875,9167.82421875,9045.390625,17273093144.0
179,1593302400,9197.546875,8975.525390625,9048.4609375,9143.58203125,14560870760.0
180,1593388800,9237.5732421875,9041.8759765625,9140.029296875,9190.8544921875,16460547078.0
181,1593475200,9217.8359375,9084.837890625,9185.5810546875,9137.9931640625,15735797744.0
182,1593561600,9309.7548828125,9104.7353515625,9145.9853515625,9228.3251953125,15971550355.0
183,1593648000,9274.962890625,9036.623046875,9231.1396484375,9123.41015625,16338916796.0
184,1593734400,9202.3447265625,9058.794921875,9124.8427734375,9087.3037109375,13078970999.0
185,1593820800,9183.2958984375,9053.6298828125,9084.2333984375,9132.48828125,12290528515.0
186,1593907200,9162.18359375,8977.015625,9126.0908203125,9073.9423828125,12903406143.0
187,1593993600,9375.474609375,9058.6640625,9072.849609375,9375.474609375,17889263252.0
188,1594080000,9360.6171875,9201.8154296875,9349.1611328125,9252.27734375,13839652595.0
189,1594166400,9450.3359375,9249.5,9253.0205078125,9428.3330078125,19702359883.0
190,1594252800,9431.37890625,9234.9990234375,9427.994140625,9277.9677734375,18000702524.0
191,1594339200,9287.4716796875,9118.001953125,9273.357421875,9278.8076171875,16860035605.0
192,1594425600,9293.5322265625,9199.4853515625,9277.51171875,9240.3466796875,13249910444.0
193,1594512000,9319.4189453125,9197.4501953125,9241.0546875,9276.5,14452361907.0
194,1594598400,9306.4052734375,9224.29296875,9277.205078125,9243.6142578125,17519821266.0
195,1594684800,9283.841796875,9171.6611328125,9238.703125,9243.2138671875,18085038362.0
196,1594771200,9275.3251953125,9171.93359375,9241.8974609375,9192.8369140625,15844731575.0
197,1594857600,9214.3125,9088.947265625,9191.98046875,9132.2275390625,15713967523.0
198,1594944000,9182.25390625,9089.2021484375,9131.8125,9151.392578125,13944570749.0
199,1595030400,9230.9833984375,9100.82421875,9151.18359375,9159.0400390625,12252601475.0
200,1595116800,9201.3984375,9097.6328125,9158.005859375,9185.8173828125,12939002784.0
201,1595203200,9214.2705078125,9137.509765625,9187.220703125,9164.2314453125,13755604146.0
202,1595289600,9407.2626953125,9149.3896484375,9162.5146484375,9374.8876953125,18069581956.0
203,1595376000,9530.5185546875,9319.6533203125,9375.080078125,9525.36328125,16532254884.0
204,1595462400,9610.2470703125,9483.00390625,9527.1416015625,9581.072265625,18146399002.0
205,1595548800,9623.3369140625,9481.4541015625,9585.5146484375,9536.892578125,16552768325.0
206,1595635200,9704.556640625,9530.2119140625,9539.4853515625,9677.11328125,16610070933.0
207,1595721600,10023.8076171875,9652.84765625,9680.234375,9905.1669921875,20507998997.0
208,1595808000,11298.2216796875,9903.9697265625,9905.2177734375,10990.873046875,35359749590.0
209,1595894400,11204.3271484375,10632.6318359375,11017.4638671875,10912.8232421875,28766551142.0
210,1595980800,11304.3974609375,10856.1416015625,10912.953125,11100.4677734375,24617249715.0
211,1596067200,11169.3564453125,10895.455078125,11099.8330078125,11111.2138671875,22857247901.0
212,1596153600,11415.8642578125,10987.0537109375,11110.2109375,11323.466796875,23160469766.0
213,1596240000,11794.775390625,11239.6826171875,11322.5703125,11759.5927734375,26075670303.0
214,1596326400,12034.14453125,11018.1298828125,11758.7646484375,11053.6142578125,27410067336.0
215,1596412800,11453.0791015625,11012.4150390625,11043.7685546875,11246.3486328125,20271713443.0
216,1596499200,11385.3818359375,11094.1455078125,11246.203125,11205.892578125,21250197042.0
217,1596585600,11786.6171875,11158.28515625,11203.8232421875,11747.0224609375,24411254471.0
218,1596672000,11902.3359375,11598.7138671875,11749.87109375,11779.7734375,23400740340.0
219,1596758400,11898.0380859375,11408.59375,11778.89453125,11601.47265625,23132312867.0
220,1596844800,11800.064453125,11558.431640625,11604.5537109375,11754.0458984375,17572057837.0
221,1596931200,11806.056640625,11548.7841796875,11737.3251953125,11675.7392578125,17489608833.0
222,1597017600,12045.140625,11662.2568359375,11662.2568359375,11878.111328125,26114112569.0
223,1597104000,11932.7109375,11195.708984375,11881.6474609375,11410.525390625,27039782640.0
224,1597190400,11748.396484375,11249.60546875,11404.5966796875,11584.9345703125,25064548486.0
225,1597276800,11796.396484375,11216.8720703125,11588.4052734375,11784.1376953125,27522199497.0
226,1597363200,12150.994140625,11685.455078125,11772.6591796875,11768.87109375,24237958589.0
227,1597449600,11963.203125,11768.697265625,11768.697265625,11865.6982421875,23354924400.0
228,1597536000,11934.9013671875,11737.1884765625,11866.685546875,11892.8037109375,20583375490.0
229,1597622400,12359.056640625,11806.6962890625,11895.658203125,12254.40234375,28227687027.0
230,1597708800,12335.70703125,11954.525390625,12251.8955078125,11991.2333984375,26043227672.0
231,1597795200,12028.923828125,11687.3330078125,11990.884765625,11758.283203125,24502851117.0
232,1597881600,11900.4111328125,11710.0634765625,11761.5,11878.3720703125,20175242945.0
233,1597968000,11899.259765625,11564.9794921875,11878.0263671875,11592.4892578125,23762425999.0
234,1598054400,11689.4072265625,11448.8056640625,11585.4775390625,11681.8251953125,20224191306.0
235,1598140800,11713.4296875,11559.9208984375,11679.6962890625,11664.84765625,18482062658.0
236,1598227200,11807.6318359375,11623.25,11663.689453125,11774.595703125,20681511755.0
237,1598313600,11778.2998046875,11189.8505859375,11773.5888671875,11366.134765625,26301509932.0
238,1598400000,11530.052734375,11296.9931640625,11366.89453125,11488.36328125,22466660958.0
239,1598486400,11570.7861328125,11185.94140625,11485.6083984375,11323.3974609375,23240415076.0
240,1598572800,11545.615234375,11316.4228515625,11325.2958984375,11542.5,19807127588.0
241,1598659200,11585.640625,11466.29296875,11541.0546875,11506.865234375,17485597759.0
242,1598745600,11715.2646484375,11492.3818359375,11508.7138671875,11711.505859375,19760127945.0
243,1598832000,11768.876953125,11598.318359375,11713.306640625,11680.8203125,22285928250.0
244,1598918400,12067.0810546875,11601.12890625,11679.31640625,11970.478515625,27311555343.0
245,1599004800,11964.8232421875,11290.7939453125,11964.8232421875,11414.0341796875,28037405299.0
246,1599091200,11443.0224609375,10182.46484375,11407.19140625,10245.296875,31927261555.0
247,1599177600,10663.919921875,10207.9404296875,10230.365234375,10511.8134765625,29965130374.0
248,1599264000,10581.5712890625,9946.67578125,10512.5302734375,10169.5673828125,44916565292.0
249,1599350400,10353.927734375,10056.8857421875,10167.216796875,10280.3515625,37071460174.0
250,1599436800,10399.1533203125,9916.4931640625,10280.998046875,10369.5634765625,33703098409.0
251,1599523200,10414.775390625,9945.1103515625,10369.306640625,10131.5166015625,33430927462.0
252,1599609600,10350.54296875,10017.2509765625,10134.1513671875,10242.34765625,24128292755.0
253,1599696000,10503.912109375,10238.1357421875,10242.330078125,10363.138671875,54406443211.0
254,1599782400,10434.9228515625,10140.8369140625,10369.0283203125,10400.9150390625,45201121775.0
255,1599868800,10578.837890625,10292.38671875,10409.861328125,10442.1708984375,36750077324.0
256,1599955200,10577.21484375,10224.330078125,10452.3994140625,10323.755859375,36506852789.0
257,1600041600,10800.0107421875,10266.0087890625,10328.734375,10680.837890625,35453581940.0
258,1600128000,10938.6318359375,10656.4599609375,10677.7548828125,10796.951171875,32509451925.0
259,1600214400,11100.1240234375,10704.884765625,10797.76171875,10974.9052734375,30769986455.0
260,1600300800,11037.4208984375,10774.6279296875,10973.251953125,10948.990234375,38151810523.0
261,1600387200,11034.908203125,10829.6572265625,10951.8203125,10944.5859375,26341903912.0
262,1600473600,11134.0927734375,10909.6181640625,10933.7529296875,11094.3466796875,22764204008.0
263,1600560000,11095.8701171875,10814.4775390625,11095.8701171875,10938.271484375,24699523788.0
264,1600646400,10988.3046875,10380.2607421875,10934.92578125,10462.259765625,28884999244.0
265,1600732800,10568.0771484375,10382.7265625,10459.6240234375,10538.4599609375,23621787804.0
266,1600819200,10537.828125,10197.865234375,10535.4921875,10246.1865234375,23788661867.0
267,1600905600,10771.056640625,10231.490234375,10248.7861328125,10760.06640625,47144380902.0
268,1600992000,10777.6962890625,10578.9140625,10761.109375,10692.716796875,39348590957.0
269,1601078400,10772.9990234375,10667.28125,10695.5751953125,10750.7236328125,46852525493.0
270,1601164800,10803.9765625,10622.921875,10746.892578125,10775.26953125,53745972818.0
271,1601251200,10945.34765625,10703.8935546875,10776.61328125,10709.65234375,47762394731.0
272,1601337600,10860.0009765625,10649.4951171875,10709.650390625,10844.640625,46582396602.0
273,1601424000,10847.2568359375,10669.3212890625,10843.87109375,10784.4912109375,44171073700.0
274,1601510400,10933.6240234375,10472.3564453125,10795.2548828125,10619.4521484375,40023134100.0
275,1601596800,10657.837890625,10416.689453125,10619.8212890625,10575.974609375,48661453918.0
276,1601683200,10598.9404296875,10511.1298828125,10575.1005859375,10549.3291015625,44660271563.0
277,1601769600,10686.0,10534.3916015625,10550.4404296875,10669.5830078125,71251776995.0
278,1601856000,10793.5078125,10634.6005859375,10676.529296875,10793.33984375,47537578009.0
279,1601942400,10797.578125,10528.890625,10796.306640625,10604.40625,42623695307.0
280,1602028800,10680.5078125,10562.5068359375,10603.35546875,10668.96875,37799458436.0
281,1602115200,10945.7373046875,10562.6064453125,10669.37109375,10915.685546875,63314794397.0
282,1602201600,11102.671875,10846.8505859375,10927.9130859375,11064.4580078125,22799117613.0
283,1602288000,11442.2109375,11056.9404296875,11059.142578125,11296.361328125,22877978588.0
284,1602374400,11428.8134765625,11288.6279296875,11296.08203125,11384.181640625,19968627060.0
285,1602460800,11698.4677734375,11240.6865234375,11392.6357421875,11555.36328125,26163972642.0
286,1602547200,11548.984375,11321.224609375,11548.7197265625,11425.8994140625,24241420251.0
287,1602633600,11539.9775390625,11307.8310546875,11429.0478515625,11429.5068359375,24103426719.0
288,1602720000,11569.9140625,11303.603515625,11426.6025390625,11495.349609375,24487233058.0
289,1602806400,11540.0615234375,11223.0126953125,11502.828125,11322.123046875,25635480772.0
290,1602892800,11386.26171875,11285.345703125,11322.123046875,11358.1015625,19130430174.0
291,1602979200,11483.359375,11347.578125,11355.982421875,11483.359375,18283314340.0
292,1603065600,11799.0927734375,11408.2900390625,11495.0380859375,11742.037109375,23860769928.0
293,1603152000,11999.91796875,11681.48046875,11745.974609375,11916.3349609375,30915821592.0
294,1603238400,13184.56640625,11900.9287109375,11913.0771484375,12823.689453125,43414712626.0
295,1603324800,13161.59375,12717.09375,12801.6357421875,12965.8916015625,34729759598.0
296,1603411200,13015.9619140625,12752.6474609375,12971.548828125,12931.5390625,28974975003.0
297,1603497600,13145.06640625,12885.7470703125,12931.57421875,13108.0625,24542317940.0
298,1603584000,13329.18359375,12910.0615234375,13108.0634765625,13031.173828125,24406920575.0
299,1603670400,13225.2978515625,12822.3828125,13031.201171875,13075.248046875,29461458313.0
300,1603756800,13759.6689453125,13060.837890625,13075.2421875,13654.21875,33749878156.0
301,1603843200,13837.6953125,12932.2509765625,13654.21484375,13271.28515625,35867318895.0
302,1603929600,13612.0478515625,12980.0595703125,13271.298828125,13437.8828125,56499499598.0
303,1604016000,13651.5166015625,13136.1982421875,13437.8740234375,13546.5224609375,30581485201.0
304,1604102400,14028.2138671875,13457.5302734375,13546.5322265625,13780.9951171875,30306464719.0
305,1604188800,13862.033203125,13628.3779296875,13780.9951171875,13737.109375,24453857900.0
306,1604275200,13808.3232421875,13243.16015625,13737.0322265625,13550.4892578125,30771455468.0
307,1604361600,13984.9814453125,13325.44140625,13550.451171875,13950.30078125,29869951617.0
308,1604448000,14218.7666015625,13580.4716796875,13950.48828125,14133.70703125,35116364962.0
309,1604534400,15706.404296875,14102.0888671875,14133.7333984375,15579.8486328125,40856321439.0
310,1604620800,15903.4375,15226.83984375,15579.7294921875,15565.880859375,39837841971.0
311,1604707200,15737.095703125,14423.203125,15565.880859375,14833.75390625,35024953706.0
312,1604793600,15637.3203125,14744.1103515625,14833.75390625,15479.5673828125,26632075029.0
313,1604880000,15785.13671875,14865.529296875,15479.595703125,15332.3154296875,34149115566.0
314,1604966400,15450.3291015625,15124.9599609375,15332.3505859375,15290.90234375,25574938143.0
315,1605052800,15916.2607421875,15290.0068359375,15290.9091796875,15701.33984375,29772374934.0
316,1605139200,16305.00390625,15534.771484375,15701.298828125,16276.34375,34175758344.0
317,1605225600,16463.177734375,15992.15234375,16276.4404296875,16317.80859375,31599492172.0
318,1605312000,16317.80859375,15749.193359375,16317.80859375,16068.138671875,27481710135.0
319,1605398400,16123.1103515625,15793.5341796875,16068.1396484375,15955.587890625,23653867583.0
320,1605484800,16816.181640625,15880.7060546875,15955.5771484375,16716.111328125,31526766675.0
321,1605571200,17782.919921875,16564.544921875,16685.69140625,17645.40625,39006849170.0
322,1605657600,18393.94921875,17352.90625,17645.19140625,17804.005859375,49064800278.0
323,1605744000,18119.546875,17382.5546875,17803.861328125,17817.08984375,36985055355.0
324,1605830400,18773.2265625,17765.794921875,17817.083984375,18621.314453125,36992873940.0
325,1605916800,18936.62109375,18444.359375,18621.31640625,18642.232421875,39650210707.0
326,1606003200,18688.96875,17671.384765625,18642.232421875,18370.001953125,41280434226.0
327,1606089600,18711.42578125,18000.796875,18370.017578125,18364.12109375,42741112308.0
328,1606176000,19348.271484375,18128.65625,18365.015625,19107.46484375,51469565009.0
329,1606262400,19390.96484375,18581.146484375,19104.41015625,18732.12109375,43710357371.0
330,1606348800,18866.28515625,16351.03515625,18729.83984375,17150.623046875,61396835737.0
331,1606435200,17445.0234375,16526.423828125,17153.9140625,17108.40234375,38886494645.0
332,1606521600,17853.939453125,16910.65234375,17112.93359375,17717.4140625,32601040734.0
333,1606608000,18283.62890625,17559.1171875,17719.634765625,18177.484375,31133957704.0
334,1606694400,19749.263671875,18178.322265625,18178.322265625,19625.8359375,47728480399.0
335,1606780800,19845.974609375,18321.921875,19633.76953125,18802.998046875,49633658712.0
336,1606867200,19308.330078125,18347.71875,18801.744140625,19201.091796875,37387697139.0
337,1606953600,19566.19140625,18925.78515625,19205.92578125,19445.3984375,31930317405.0
338,1607040000,19511.404296875,18697.193359375,19446.966796875,18699.765625,33872388058.0
339,1607126400,19160.44921875,18590.193359375,18698.384765625,19154.23046875,27242455064.0
340,1607212800,19390.5,18897.89453125,19154.1796875,19345.12109375,25293775714.0
341,1607299200,19411.828125,18931.142578125,19343.12890625,19191.630859375,26896357742.0
342,1607385600,19283.478515625,18269.9453125,19191.529296875,18321.14453125,31692288756.0
343,1607472000,18626.29296875,17935.546875,18320.884765625,18553.916015625,34420373071.0
344,1607558400,18553.298828125,17957.064453125,18553.298828125,18264.9921875,25547132265.0
345,1607644800,18268.453125,17619.533203125,18263.9296875,18058.904296875,27919640985.0
346,1607731200,18919.55078125,18046.041015625,18051.3203125,18803.65625,21752580802.0
347,1607817600,19381.53515625,18734.33203125,18806.765625,19142.3828125,25450468637.0
348,1607904000,19305.099609375,19012.708984375,19144.4921875,19246.64453125,22473997681.0
349,1607990400,19525.0078125,19079.841796875,19246.919921875,19417.076171875,26741982541.0
350,1608076800,21458.908203125,19298.31640625,19418.818359375,21310.59765625,44409011479.0
351,1608163200,23642.66015625,21234.67578125,21308.3515625,22805.162109375,71378606374.0
352,1608249600,23238.6015625,22399.8125,22806.796875,23137.9609375,40387896275.0
353,1608336000,24085.85546875,22826.47265625,23132.865234375,23869.83203125,38487546580.0
354,1608422400,24209.66015625,23147.7109375,23861.765625,23477.294921875,37844228422.0
355,1608508800,24059.982421875,22159.3671875,23474.455078125,22803.08203125,45852713981.0
356,1608595200,23789.90234375,22430.60546875,22794.0390625,23783.029296875,44171632681.0
357,1608681600,24024.490234375,22802.646484375,23781.974609375,23241.345703125,51146161904.0
358,1608768000,23768.337890625,22777.59765625,23240.203125,23735.94921875,41080759713.0
359,1608854400,24710.1015625,23463.673828125,23733.5703125,24664.791015625,42068395846.0
360,1608940800,26718.0703125,24522.689453125,24677.015625,26437.037109375,48332647295.0
361,1609027200,28288.83984375,25922.76953125,26439.373046875,26272.294921875,66479895605.0
362,1609113600,27389.111328125,26207.640625,26280.822265625,27084.80859375,49056742893.0
363,1609200000,27370.720703125,25987.298828125,27081.810546875,27362.4375,45265946774.0
364,1609286400,28937.740234375,27360.08984375,27360.08984375,28840.953125,51287442704.0
365,1609372800,29244.876953125,28201.9921875,28841.57421875,29001.720703125,46754964848.0
366,1609459200,29600.626953125,28803.5859375,28994.009765625,29374.15234375,40730301359.0
367,1609545600,33155.1171875,29091.181640625,29376.455078125,32127.267578125,67865420765.0
368,1609632000,34608.55859375,32052.31640625,32129.408203125,32782.0234375,78665235202.0
369,1609718400,33440.21875,28722.755859375,32810.94921875,31971.9140625,81163475344.0
370,1609804800,34437.58984375,30221.1875,31977.041015625,33992.4296875,67547324782.0
371,1609891200,36879.69921875,33514.03515625,34013.61328125,36824.36328125,75289433811.0
372,1609977600,40180.3671875,36491.19140625,36833.875,39371.04296875,84762141031.0
373,1610064000,41946.73828125,36838.63671875,39381.765625,40797.609375,88107519480.0
374,1610150400,41436.3515625,38980.875,40788.640625,40254.546875,61984162837.0
375,1610236800,41420.19140625,35984.62890625,40254.21875,38356.44140625,79980747690.0
376,1610323200,38346.53125,30549.599609375,38346.53125,35566.65625,123320567399.0
377,1610409600,36568.52734375,32697.9765625,35516.359375,33922.9609375,74773277909.0
378,1610496000,37599.9609375,32584.66796875,33915.12109375,37316.359375,69364315979.0
379,1610582400,39966.40625,36868.5625,37325.109375,39187.328125,63615990033.0
380,1610668800,39577.7109375,34659.58984375,39156.70703125,36825.3671875,67760757881.0
381,1610755200,37864.3671875,35633.5546875,36821.6484375,36178.140625,57706187875.0
382,1610841600,36722.3515625,34069.3203125,36163.6484375,35791.27734375,52359854336.0
383,1610928000,37299.28515625,34883.84375,35792.23828125,36630.07421875,49511702429.0
384,1611014400,37755.890625,36069.8046875,36642.234375,36069.8046875,57244195486.0
385,1611100800,36378.328125,33570.4765625,36050.11328125,35547.75,66834573161.0
386,1611187200,35552.6796875,30250.75,35549.3984375,30825.69921875,75643067688.0
387,1611273600,33811.8515625,28953.373046875,30817.625,33005.76171875,77207272511.0
388,1611360000,33360.9765625,31493.16015625,32985.7578125,32067.642578125,48354737975.0
389,1611446400,32944.0078125,31106.685546875,32064.376953125,32289.37890625,48643830599.0
390,1611532800,34802.7421875,32087.787109375,32285.798828125,32366.392578125,59897054838.0
391,1611619200,32794.55078125,31030.265625,32358.61328125,32569.849609375,60255421470.0
392,1611705600,32564.029296875,29367.138671875,32564.029296875,30432.546875,62576762015.0
393,1611792000,33858.3125,30023.20703125,30441.041015625,33466.09765625,76517157706.0
394,1611878400,38406.26171875,32064.814453125,34318.671875,34316.38671875,117894572511.0
395,1611964800,34834.70703125,32940.1875,34295.93359375,34269.5234375,65141828798.0
396,1612051200,34288.33203125,32270.17578125,34270.87890625,33114.359375,52754542671.0
397,1612137600,34638.21484375,32384.228515625,33114.578125,33537.17578125,61400400660.0
398,1612224000,35896.8828125,33489.21875,33533.19921875,35510.2890625,63088585433.0
399,1612310400,37480.1875,35443.984375,35510.8203125,37472.08984375,61166818159.0
400,1612396800,38592.17578125,36317.5,37475.10546875,36926.06640625,68838074392.0
401,1612483200,38225.90625,36658.76171875,36931.546875,38144.30859375,58598066402.0
402,1612569600,40846.546875,38138.38671875,38138.38671875,39266.01171875,71326033653.0
403,1612656000,39621.8359375,37446.15234375,39250.19140625,38903.44140625,65500641143.0
404,1612742400,46203.9296875,38076.32421875,38886.828125,46196.46484375,101467222687.0
405,1612828800,48003.72265625,45166.9609375,46184.9921875,46481.10546875,91809846886.0
406,1612915200,47145.56640625,43881.15234375,46469.76171875,44918.18359375,87301089896.0
407,1613001600,48463.46875,44187.76171875,44898.7109375,47909.33203125,81388911810.0
408,1613088000,48745.734375,46424.9765625,47877.03515625,47504.8515625,76555041196.0
409,1613174400,48047.74609375,46392.28125,47491.203125,47105.515625,70250456155.0
410,1613260800,49487.640625,47114.5078125,47114.5078125,48717.2890625,71248675228.0
411,1613347200,48875.5703125,46347.4765625,48696.53515625,47945.05859375,77069903166.0
412,1613433600,50341.1015625,47201.3046875,47944.45703125,49199.87109375,77049582886.0
413,1613520000,52533.9140625,49072.37890625,49207.27734375,52149.0078125,80820545404.0
414,1613606400,52474.10546875,51015.765625,52140.97265625,51679.796875,52054723579.0
415,1613692800,56113.65234375,50937.27734375,51675.98046875,55888.1328125,63495496918.0
416,1613779200,57505.2265625,54626.55859375,55887.3359375,56099.51953125,68145460026.0
417,1613865600,58330.5703125,55672.609375,56068.56640625,57539.9453125,51897585191.0
418,1613952000,57533.390625,48967.56640625,57532.73828125,54207.3203125,92052420332.0
419,1614038400,54204.9296875,45290.58984375,54204.9296875,48824.42578125,106102492824.0
420,1614124800,51290.13671875,47213.5,48835.0859375,49705.33203125,63695521388.0
421,1614211200,51948.96875,47093.8515625,49709.08203125,47093.8515625,54506565949.0
422,1614297600,48370.78515625,44454.84375,47180.46484375,46339.76171875,350967941479.0
423,1614384000,48253.26953125,45269.02734375,46344.7734375,46188.453125,45910946382.0
424,1614470400,46716.4296875,43241.6171875,46194.015625,45137.76953125,53443887451.0
425,1614556800,49784.015625,45115.09375,45159.50390625,49631.2421875,53891300112.0
426,1614643200,50127.51171875,47228.84375,49612.10546875,48378.98828125,47530897720.0
427,1614729600,52535.13671875,48274.3203125,48415.81640625,50538.2421875,53220811975.0
428,1614816000,51735.08984375,47656.9296875,50522.3046875,48561.16796875,52343816680.0
429,1614902400,49396.4296875,46542.515625,48527.03125,48927.3046875,48625928883.0
430,1614988800,49147.21875,47257.52734375,48899.23046875,48912.3828125,34363564661.0
431,1615075200,51384.3671875,48918.6796875,48918.6796875,51206.69140625,43137459378.0
432,1615161600,52314.0703125,49506.0546875,51174.1171875,52246.5234375,48597428048.0
433,1615248000,54824.1171875,51981.83203125,52272.96875,54824.1171875,50912227385.0
434,1615334400,57258.25390625,53290.890625,54824.01171875,56008.55078125,57295577614.0
435,1615420800,58091.0625,54484.59375,55963.1796875,57805.12109375,56772343595.0
436,1615507200,57996.62109375,55376.6484375,57821.21875,57332.08984375,55689944702.0
437,1615593600,61683.86328125,56217.97265625,57343.37109375,61243.0859375,60669829814.0
438,1615680000,61597.91796875,59302.31640625,61221.1328125,59302.31640625,43901225564.0
439,1615766400,60540.9921875,55393.1640625,59267.4296875,55907.19921875,66419369890.0
440,1615852800,56833.1796875,53555.02734375,55840.78515625,56804.90234375,59749798599.0
441,1615939200,58969.81640625,54528.62890625,56825.828125,58870.89453125,60258313191.0
442,1616025600,60116.25,54253.578125,58893.078125,57858.921875,55746041000.0
443,1616112000,59498.375,56643.703125,57850.44140625,58346.65234375,49063873786.0
444,1616198400,60031.28515625,58213.296875,58332.26171875,58313.64453125,50361731222.0
445,1616284800,58767.8984375,56005.6171875,58309.9140625,57523.421875,51943414539.0
446,1616371200,58471.48046875,54288.15625,57517.890625,54529.14453125,56521454974.0
447,1616457600,55985.44140625,53470.6953125,54511.66015625,54738.9453125,56435023914.0
448,1616544000,57262.3828125,52514.33203125,54710.48828125,52774.265625,70567223787.0
449,1616630400,53392.38671875,50856.5703125,52726.74609375,51704.16015625,67999812841.0
450,1616716800,55137.3125,51579.85546875,51683.01171875,55137.3125,56652197978.0
451,1616803200,56568.21484375,54242.91015625,55137.56640625,55973.51171875,47266542233.0
452,1616889600,56610.3125,55071.11328125,55974.94140625,55950.74609375,47686580918.0
453,1616976000,58342.09765625,55139.33984375,55947.8984375,57750.19921875,57625587027.0
454,1617062400,59447.22265625,57251.55078125,57750.1328125,58917.69140625,54414116432.0
455,1617148800,59930.02734375,57726.41796875,58930.27734375,58918.83203125,65520826225.0
456,1617235200,59586.0703125,58505.27734375,58926.5625,59095.80859375,61669163792.0
457,1617321600,60267.1875,58869.28125,59098.87890625,59384.3125,58727860620.0
458,1617408000,60110.26953125,57603.890625,59397.41015625,57603.890625,59641344484.0
459,1617494400,58913.74609375,57168.67578125,57604.83984375,58758.5546875,50749662970.0
460,1617580800,59891.296875,57694.82421875,58760.875,59057.87890625,60706272115.0
461,1617667200,59479.578125,57646.80859375,59171.93359375,58192.359375,66058027988.0
462,1617753600,58731.14453125,55604.0234375,58186.5078125,56048.9375,75645303584.0
463,1617840000,58338.73828125,55879.0859375,56099.9140625,58323.953125,53053855641.0
464,1617926400,58937.046875,57807.86328125,58326.5625,58245.00390625,46655208546.0
465,1618012800,61276.6640625,58038.70703125,58253.77734375,59793.234375,58238470525.0
466,1618099200,60790.5546875,59289.796875,59846.23046875,60204.96484375,46280252580.0
467,1618185600,61253.03515625,59589.875,60175.9453125,59893.453125,51828688519.0
468,1618272000,63742.28515625,59869.95703125,59890.01953125,63503.45703125,69983454362.0
469,1618358400,64863.09765625,61554.796875,63523.75390625,63109.6953125,77451779687.0
470,1618444800,63821.671875,62208.96484375,63075.1953125,63314.01171875,60954381579.0
471,1618531200,63594.72265625,60222.53125,63258.50390625,61572.7890625,84293007468.0
472,1618617600,62572.17578125,60361.3515625,61529.921875,60683.8203125,66138759198.0
473,1618704000,61057.45703125,52829.53515625,60701.88671875,56216.18359375,97468872758.0
474,1618790400,57520.0546875,54368.59375,56191.5859375,55724.265625,65344865159.0
475,1618876800,57062.1484375,53448.046875,55681.79296875,56473.03125,67849323955.0
476,1618963200,56757.97265625,53695.46875,56471.12890625,53906.08984375,54926612466.0
477,1619049600,55410.23046875,50583.8125,53857.10546875,51762.2734375,74798630778.0
478,1619136000,52120.79296875,47714.6640625,51739.80859375,51093.65234375,86668667320.0
479,1619222400,51167.5625,48805.28515625,51143.2265625,50050.8671875,49014494781.0
480,1619308800,50506.01953125,47159.484375,50052.83203125,49004.25390625,46117114240.0
481,1619395200,54288.00390625,48852.796875,49077.79296875,54021.75390625,58284039825.0
482,1619481600,55416.96484375,53319.1875,54030.3046875,55033.1171875,49448222757.0
483,1619568000,56227.20703125,53887.91796875,55036.63671875,54824.703125,48000572955.0
484,1619654400,55115.84375,52418.02734375,54858.08984375,53555.109375,46088929780.0
485,1619740800,57900.71875,53129.6015625,53568.6640625,57750.17578125,52395931985.0
486,1619827200,58448.33984375,57052.2734375,57714.6640625,57828.05078125,42836427360.0
487,1619913600,57902.59375,56141.90625,57825.86328125,56631.078125,38177405335.0
488,1620000000,58973.30859375,56590.87109375,56620.2734375,57200.29296875,51713139031.0
489,1620086400,57214.1796875,53191.42578125,57214.1796875,53333.5390625,68564706967.0
490,1620172800,57911.36328125,52969.0546875,53252.1640625,57424.0078125,69241316747.0
491,1620259200,58363.31640625,55382.5078125,57441.30859375,56396.515625,69523285106.0
492,1620345600,58606.6328125,55321.84765625,56413.953125,57356.40234375,68434023376.0
493,1620432000,59464.61328125,56975.2109375,57352.765625,58803.77734375,65382980634.0
494,1620518400,59210.8828125,56482.00390625,58877.390625,58232.31640625,65906690347.0
495,1620604800,59519.35546875,54071.45703125,58250.87109375,55859.796875,71776546298.0
496,1620691200,56872.54296875,54608.65234375,55847.2421875,56704.57421875,61308396325.0
497,1620777600,57939.36328125,49150.53515625,56714.53125,49150.53515625,75215403907.0
498,1620864000,51330.84375,46980.01953125,49735.43359375,49716.19140625,96721152926.0
499,1620950400,51438.1171875,48868.578125,49682.98046875,49880.53515625,55737497453.0
500,1621036800,50639.6640625,46664.140625,49855.49609375,46760.1875,59161047474.0
501,1621123200,49720.04296875,43963.3515625,46716.63671875,46456.05859375,64047871555.0
502,1621209600,46623.55859375,42207.2890625,46415.8984375,43537.51171875,74903638450.0
503,1621296000,45812.45703125,42367.83203125,43488.05859375,42909.40234375,56187365084.0
504,1621382400,43546.1171875,30681.49609375,42944.9765625,37002.44140625,126358098747.0
505,1621468800,42462.984375,35050.6171875,36753.66796875,40782.73828125,88281943359.0
506,1621555200,42172.171875,33616.453125,40596.94921875,37304.69140625,82051616861.0
507,1621641600,38831.0546875,35383.68359375,37371.03125,37536.6328125,57377273240.0
508,1621728000,38289.21875,31227.33984375,37531.44921875,34770.58203125,78469274361.0
509,1621814400,39835.140625,34551.08203125,34700.36328125,38705.98046875,67359584098.0
510,1621900800,39776.3515625,36581.4296875,38795.78125,38402.22265625,56211915803.0
511,1621987200,40782.078125,37905.8359375,38392.625,39294.19921875,51346735160.0
512,1622073600,40379.6171875,37247.90234375,39316.890625,38436.96875,43210968721.0
513,1622160000,38856.96875,34779.0390625,38507.08203125,35697.60546875,55200191952.0
514,1622246400,37234.5,33693.9296875,35684.15625,34616.06640625,45231013335.0
515,1622332800,36400.66796875,33520.73828125,34607.40625,35678.12890625,31646080921.0
516,1622419200,37468.25,34241.9453125,35658.59375,37332.85546875,39009847639.0
517,1622505600,37896.734375,35787.0859375,37293.79296875,36684.92578125,34639423297.0
518,1622592000,38231.33984375,35966.30859375,36699.921875,37575.1796875,33070867190.0
519,1622678400,39478.953125,37243.97265625,37599.41015625,39208.765625,35460750427.0
520,1622764800,39242.484375,35717.72265625,39242.484375,36894.40625,41831090187.0
521,1622851200,37917.71484375,34900.4140625,36880.15625,35551.95703125,35959473399.0
522,1622937600,36436.421875,35304.578125,35538.609375,35862.37890625,28913440585.0
523,1623024000,36790.5703125,33480.640625,35835.265625,33560.70703125,33683936663.0
524,1623110400,34017.38671875,31114.443359375,33589.51953125,33472.6328125,49902050442.0
525,1623196800,37537.37109375,32475.865234375,33416.9765625,37345.12109375,53972919008.0
526,1623283200,38334.32421875,35847.59375,37389.515625,36702.59765625,43576032854.0
527,1623369600,37608.6953125,36044.44921875,36697.03125,37334.3984375,38699736985.0
528,1623456000,37408.92578125,34728.19140625,37340.14453125,35552.515625,37924228550.0
529,1623542400,39322.78125,34864.109375,35555.7890625,39097.859375,40669112838.0
530,1623628800,40978.36328125,38757.28515625,39016.96875,40218.4765625,43148914673.0
531,1623715200,41295.26953125,39609.46875,40427.16796875,40406.26953125,46420149185.0
532,1623801600,40516.77734375,38176.03515625,40168.69140625,38347.0625,39211635100.0
533,1623888000,39513.671875,37439.67578125,38341.421875,38053.50390625,37096670047.0
534,1623974400,38187.26171875,35255.85546875,38099.4765625,35787.24609375,36200887275.0
535,1624060800,36457.796875,34933.0625,35854.52734375,35615.87109375,31207279719.0
536,1624147200,36059.484375,33432.07421875,35563.140625,35698.296875,36664034054.0
537,1624233600,35721.640625,31295.935546875,35641.14453125,31676.693359375,52809038594.0
538,1624320000,33292.453125,28893.62109375,31622.376953125,32505.66015625,58964353058.0
539,1624406400,34753.41015625,31772.6328125,32515.71484375,33723.02734375,46317108925.0
540,1624492800,35228.8515625,32385.21484375,33682.80078125,34662.4375,33123368116.0
541,1624579200,35487.24609375,31350.884765625,34659.10546875,31637.779296875,40230904226.0
542,1624665600,32637.587890625,30184.501953125,31594.6640625,32186.27734375,38585385521.0
543,1624752000,34656.12890625,32071.7578125,32287.5234375,34649.64453125,35511640894.0
544,1624838400,35219.890625,33902.07421875,34679.12109375,34434.3359375,33892523752.0
545,1624924800,36542.109375,34252.484375,34475.55859375,35867.77734375,37901460044.0
546,1625011200,36074.7578125,34086.15234375,35908.38671875,35040.8359375,34059036099.0
547,1625097600,35035.984375,32883.78125,35035.984375,33572.1171875,37838957079.0
548,1625184000,33939.58984375,32770.6796875,33549.6015625,33897.046875,38728974942.0
549,1625270400,34909.26171875,33402.6953125,33854.421875,34668.546875,24383958643.0
550,1625356800,35937.56640625,34396.4765625,34665.56640625,35287.78125,24924307911.0
551,1625443200,35284.34375,33213.66015625,35284.34375,33746.00390625,26721554282.0
552,1625529600,35038.53515625,33599.91796875,33723.5078125,34235.1953125,26501259870.0
553,1625616000,34997.6640625,33839.2890625,34225.6796875,33855.328125,24796027477.0
554,1625702400,33907.90625,32133.18359375,33889.60546875,32877.37109375,29910396946.0
555,1625788800,34042.29296875,32318.880859375,32861.671875,33798.01171875,27436021028.0
556,1625875200,34209.0703125,33116.01171875,33811.2421875,33520.51953125,22971873468.0
557,1625961600,34584.703125,33346.73828125,33509.078125,34240.1875,20108729370.0
558,1626048000,34592.15625,32697.30859375,34254.015625,33155.84765625,24321499537.0
559,1626134400,33327.1015625,32261.419921875,33125.46875,32702.025390625,19120856669.0
560,1626220800,33061.3984375,31639.125,32723.845703125,32822.34765625,21376531210.0
561,1626307200,33159.640625,31175.708984375,32827.875,31780.73046875,21300524237.0
562,1626393600,32218.40625,31100.673828125,31841.55078125,31421.5390625,23699476918.0
563,1626480000,31935.9453125,31223.990234375,31397.30859375,31533.068359375,18895018942.0
564,1626566400,32398.99609375,31215.4921875,31533.884765625,31796.810546875,18787986667.0
565,1626652800,31885.859375,30563.734375,31800.01171875,30817.83203125,20434789545.0
566,1626739200,31006.1875,29360.955078125,30838.28515625,29807.34765625,23148267245.0
567,1626825600,32752.326171875,29526.18359375,29796.28515625,32110.693359375,28203024559.0
568,1626912000,32576.400390625,31745.298828125,32138.873046875,32313.10546875,19555230518.0
569,1626998400,33581.55078125,32057.892578125,32305.958984375,33581.55078125,22552046192.0
570,1627084800,34490.390625,33424.859375,33593.73046875,34292.4453125,21664706865.0
571,1627171200,35364.92578125,33881.8359375,34290.29296875,35350.1875,20856685287.0
572,1627257600,40499.67578125,35287.3125,35384.03125,37337.53515625,51022126212.0
573,1627344000,39406.94140625,36441.7265625,37276.03515625,39406.94140625,35097370560.0
574,1627430400,40816.0703125,38862.4375,39503.1875,39995.90625,38702404695.0
575,1627516800,40593.0703125,39352.05859375,39995.453125,40008.421875,27167146027.0
576,1627603200,42235.546875,38397.35546875,40027.484375,42235.546875,33072782960.0
577,1627689600,42231.44921875,41110.83203125,42196.3046875,41626.1953125,25802845343.0
578,1627776000,42541.6796875,39540.94140625,41460.84375,39974.89453125,26688438115.0
579,1627862400,40419.1796875,38746.34765625,39907.26171875,39201.9453125,25595265436.0
580,1627948800,39750.03125,37782.05078125,39178.40234375,38152.98046875,26189830450.0
581,1628035200,39952.296875,37589.1640625,38213.33203125,39747.50390625,25372562724.0
582,1628121600,41341.93359375,37458.00390625,39744.515625,40869.5546875,35185031017.0
583,1628208000,43271.66015625,39932.1796875,40865.8671875,42816.5,38226483046.0
584,1628294400,44689.859375,42618.56640625,42832.796875,44555.80078125,40030862141.0
585,1628380800,45282.3515625,43331.91015625,44574.4375,43798.1171875,36302664750.0
586,1628467200,46456.83203125,42848.6875,43791.92578125,46365.40234375,38734079049.0
587,1628553600,46637.98828125,44705.5546875,46280.84765625,45585.03125,33546019517.0
588,1628640000,46735.6328125,45351.7109375,45599.703125,45593.63671875,34319709073.0
589,1628726400,46228.91015625,43861.4453125,45576.87890625,44428.2890625,33723620826.0
590,1628812800,47831.9765625,44282.41796875,44439.69140625,47793.3203125,31744259539.0
591,1628899200,48098.68359375,46177.6328125,47810.6875,47096.9453125,31211354442.0
592,1628985600,47357.10546875,45579.58984375,47096.66796875,47047.00390625,30988958446.0
593,1629072000,47998.09765625,45700.3203125,47019.9609375,46004.484375,32776876610.0
594,1629158400,47139.5703125,44512.41796875,45936.45703125,44695.359375,33451362600.0
595,1629244800,45952.0625,44364.02734375,44686.75,44801.1875,32194123075.0
596,1629331200,46970.76171875,43998.31640625,44741.8828125,46717.578125,37204312299.0
597,1629417600,49342.15234375,46650.70703125,46723.12109375,49339.17578125,34706867452.0
598,1629504000,49717.01953125,48312.19921875,49327.07421875,48905.4921875,40585205312.0
599,1629590400,49471.609375,48199.94140625,48869.10546875,49321.65234375,25370975378.0
600,1629676800,50482.078125,49074.60546875,49291.67578125,49546.1484375,34305053719.0
601,1629763200,49878.76953125,47687.1171875,49562.34765625,47706.1171875,35361168834.0
602,1629849600,49202.87890625,47163.61328125,47727.2578125,48960.7890625,32646349931.0
603,1629936000,49347.58203125,46405.78125,49002.640625,46942.21875,32666549568.0
604,1630022400,49112.78515625,46394.28125,46894.5546875,49058.66796875,34511076995.0
605,1630108800,49283.50390625,48499.23828125,49072.5859375,48902.40234375,28568103401.0
606,1630195200,49644.11328125,47925.85546875,48911.25,48829.83203125,25889650240.0
607,1630281600,48925.60546875,46950.2734375,48834.8515625,47054.984375,31847007016.0
608,1630368000,48189.55078125,46750.09375,47024.33984375,47166.6875,34730363427.0
609,1630454400,49111.08984375,46562.4375,47099.7734375,48847.02734375,39139399125.0
610,1630540800,50343.421875,48652.3203125,48807.84765625,49327.72265625,39508070319.0
611,1630627200,50982.2734375,48386.0859375,49288.25,50025.375,43206179619.0
612,1630713600,50545.58203125,49548.78125,50009.32421875,49944.625,37471327794.0
613,1630800000,51868.6796875,49538.59765625,49937.859375,51753.41015625,30322676319.0
614,1630886400,52700.94140625,51053.6796875,51769.00390625,52633.53515625,38884105426.0
615,1630972800,52853.765625,43285.20703125,52660.48046875,46811.12890625,65210059683.0
616,1631059200,47334.0546875,44561.39453125,46827.76171875,46091.390625,49007762488.0
617,1631145600,47261.94921875,45669.73828125,45774.7421875,46391.421875,38672657013.0
618,1631232000,47031.7421875,44344.484375,46396.6640625,44883.91015625,39154666597.0
619,1631318400,45969.29296875,44818.265625,44869.83984375,45201.45703125,34499835245.0
620,1631404800,46364.87890625,44790.4609375,45206.62890625,46063.26953125,27881980161.0
621,1631491200,46598.6796875,43591.3203125,46057.21484375,44963.07421875,40969943253.0
622,1631577600,47218.125,44752.33203125,44960.05078125,47092.4921875,38652152880.0
623,1631664000,48450.46875,46773.328125,47098.0,48176.34765625,30484496466.0
624,1631750400,48486.828125,47079.55859375,48158.90625,47783.359375,31764293754.0
625,1631836800,48160.921875,46832.5234375,47771.00390625,47267.51953125,28727713711.0
626,1631923200,48791.78125,47087.28515625,47273.52734375,48278.36328125,28575630451.0
627,1632009600,48328.3671875,46919.8046875,48268.85546875,47260.21875,26967722648.0
628,1632096000,47328.19921875,42598.9140625,47261.40625,42843.80078125,43909845642.0
629,1632182400,43607.609375,39787.609375,43012.234375,40693.67578125,48701090088.0
630,1632268800,43978.62109375,40625.6328125,40677.953125,43574.5078125,38139709246.0
631,1632355200,44942.17578125,43109.33984375,43560.296875,44895.09765625,34244064430.0
632,1632441600,45080.4921875,40936.55859375,44894.30078125,42839.75,42839345714.0
633,1632528000,42996.2578125,41759.921875,42840.890625,42716.59375,31604717236.0
634,1632614400,43919.30078125,40848.4609375,42721.62890625,43208.5390625,30661222077.0
635,1632700800,44313.24609375,42190.6328125,43234.18359375,42235.73046875,30980029059.0
636,1632787200,42775.14453125,40931.6640625,42200.8984375,41034.54296875,30214940550.0
637,1632873600,42545.2578125,40829.66796875,41064.984375,41564.36328125,30602359905.0
638,1632960000,44092.6015625,41444.58203125,41551.26953125,43790.89453125,31141681925.0
639,1633046400,48436.01171875,43320.0234375,43816.7421875,48116.94140625,42850641582.0
640,1633132800,48282.0625,47465.49609375,48137.46875,47711.48828125,30614346492.0
641,1633219200,49130.69140625,47157.2890625,47680.02734375,48199.953125,26638115879.0
642,1633305600,49456.77734375,47045.00390625,48208.90625,49112.90234375,33383173002.0
643,1633392000,51839.984375,49072.83984375,49174.9609375,51514.8125,35873904236.0
644,1633478400,55568.46484375,50488.19140625,51486.6640625,55361.44921875,49034730168.0
645,1633564800,55338.625,53525.46875,55338.625,53805.984375,36807860413.0
646,1633651200,55922.98046875,53688.0546875,53802.14453125,53967.84765625,34800873924.0
647,1633737600,55397.9453125,53735.14453125,53929.78125,54968.22265625,32491211414.0
648,1633824000,56401.3046875,54264.2578125,54952.8203125,54771.578125,39527792364.0
649,1633910400,57793.0390625,54519.765625,54734.125,57484.7890625,42637331698.0
650,1633996800,57627.87890625,54477.97265625,57526.83203125,56041.05859375,41083758949.0
651,1634083200,57688.66015625,54370.97265625,56038.2578125,57401.09765625,41684252783.0
652,1634169600,58478.734375,56957.07421875,57372.83203125,57321.5234375,36615791366.0
653,1634256000,62757.12890625,56868.14453125,57345.90234375,61593.94921875,51780081801.0
654,1634342400,62274.4765625,60206.12109375,61609.52734375,60892.1796875,34250964237.0
655,1634428800,61645.5234375,59164.46875,60887.65234375,61553.6171875,29032367511.0
656,1634515200,62614.66015625,60012.7578125,61548.8046875,62026.078125,38055562075.0
657,1634601600,64434.53515625,61622.93359375,62043.1640625,64261.9921875,40471196346.0
658,1634688000,66930.390625,63610.67578125,64284.5859375,65992.8359375,40788955582.0
659,1634774400,66600.546875,62117.41015625,66002.234375,62210.171875,45908121370.0
660,1634860800,63715.0234375,60122.796875,62237.890625,60692.265625,38434082775.0
661,1634947200,61743.87890625,59826.5234375,60694.62890625,61393.6171875,26882546034.0
662,1635033600,61505.8046875,59643.34375,61368.34375,60930.8359375,27316183882.0
663,1635120000,63729.32421875,60691.80078125,60893.92578125,63039.82421875,31064911614.0
664,1635206400,63229.02734375,59991.16015625,63032.76171875,60363.79296875,34878965587.0
665,1635292800,61435.18359375,58208.1875,60352.0,58482.38671875,43657076893.0
666,1635379200,62128.6328125,58206.91796875,58470.73046875,60622.13671875,45257083247.0
667,1635465600,62927.609375,60329.96484375,60624.87109375,62227.96484375,36856881767.0
668,1635552000,62330.14453125,60918.38671875,62239.36328125,61888.83203125,32157938616.0
669,1635638400,62406.171875,60074.328125,61850.48828125,61318.95703125,32241199927.0
670,1635724800,62419.00390625,59695.18359375,61320.44921875,61004.40625,36150572843.0
671,1635811200,64242.79296875,60673.0546875,60963.25390625,63226.40234375,37746665647.0
672,1635897600,63516.9375,61184.23828125,63254.3359375,62970.046875,36124731509.0
673,1635984000,63123.2890625,60799.6640625,62941.8046875,61452.23046875,32615846901.0
674,1636070400,62541.46875,60844.609375,61460.078125,61125.67578125,30605102446.0
675,1636156800,61590.68359375,60163.78125,61068.875,61527.48046875,29094934221.0
676,1636243200,63326.98828125,61432.48828125,61554.921875,63326.98828125,24726754302.0
677,1636329600,67673.7421875,63344.06640625,63344.06640625,67566.828125,41125608330.0
678,1636416000,68530.3359375,66382.0625,67549.734375,66971.828125,42357991721.0
679,1636502400,68789.625,63208.11328125,66953.3359375,64995.23046875,48730828378.0
680,1636588800,65579.015625,64180.48828125,64978.890625,64949.9609375,35880633236.0
681,1636675200,65460.81640625,62333.9140625,64863.98046875,64155.94140625,36084893887.0
682,1636761600,64915.67578125,63303.734375,64158.12109375,64469.52734375,30474228777.0
683,1636848000,65495.1796875,63647.80859375,64455.37109375,65466.83984375,25122092191.0
684,1636934400,66281.5703125,63548.14453125,65521.2890625,63557.87109375,30558763548.0
685,1637020800,63721.1953125,59016.3359375,63721.1953125,60161.24609375,46844335592.0
686,1637107200,60823.609375,58515.41015625,60139.62109375,60368.01171875,39178392930.0
687,1637193600,60948.5,56550.79296875,60360.13671875,56942.13671875,41388338699.0
688,1637280000,58351.11328125,55705.1796875,56896.12890625,58119.578125,38702407772.0
689,1637366400,59859.87890625,57469.7265625,58115.08203125,59697.1953125,30624264863.0
690,1637452800,60004.42578125,58618.9296875,59730.5078125,58730.4765625,26123447605.0
691,1637539200,59266.359375,55679.83984375,58706.84765625,56289.2890625,35036121783.0
692,1637625600,57875.515625,55632.76171875,56304.5546875,57569.07421875,37485803899.0
693,1637712000,57803.06640625,55964.22265625,57565.8515625,56280.42578125,36635566789.0
694,1637798400,59367.96875,57146.68359375,57165.41796875,57274.6796875,34284016248.0
695,1637884800,59183.48046875,53569.765625,58960.28515625,53569.765625,41810748221.0
696,1637971200,55329.2578125,53668.35546875,53736.4296875,54815.078125,30560857714.0
697,1638057600,57393.84375,53576.734375,54813.0234375,57248.45703125,28116886357.0
698,1638144000,58872.87890625,56792.52734375,57291.90625,57806.56640625,32370840356.0
699,1638230400,59113.40234375,56057.28125,57830.11328125,57005.42578125,36708594618.0
700,1638316800,59041.68359375,56553.08203125,56907.96484375,57229.828125,36858195307.0
701,1638403200,57349.234375,55895.1328125,57217.37109375,56477.81640625,32379968686.0
702,1638489600,57482.16796875,52496.5859375,56509.1640625,53598.24609375,39789134215.0
703,1638576000,53904.6796875,42874.6171875,53727.87890625,49200.703125,61385677469.0
704,1638662400,49768.1484375,47857.49609375,49201.51953125,49368.84765625,37198201161.0
705,1638748800,50929.51953125,47281.03515625,49413.48046875,50582.625,37707308001.0
706,1638835200,51934.78125,50175.80859375,50581.828125,50700.0859375,33676814852.0
707,1638921600,51171.375,48765.98828125,50667.6484375,50504.796875,28479699446.0
708,1639008000,50797.1640625,47358.3515625,50450.08203125,47672.12109375,29603577251.0
709,1639094400,50015.25390625,47023.69921875,47642.14453125,47243.3046875,30966005122.0
710,1639180800,49458.2109375,46942.34765625,47264.6328125,49362.5078125,25775869261.0
711,1639267200,50724.8671875,48725.8515625,49354.85546875,50098.3359375,21939223599.0
712,1639353600,50205.0,45894.84765625,50114.7421875,46737.48046875,32166727776.0
713,1639440000,48431.3984375,46424.49609375,46709.82421875,46612.6328125,34638619079.0
714,1639526400,49473.95703125,46671.96484375,48379.75390625,48896.72265625,36541828520.0
715,1639612800,49425.57421875,47529.87890625,48900.46484375,47665.42578125,27268150947.0
716,1639699200,48004.89453125,45618.21484375,47653.73046875,46202.14453125,32902725329.0
717,1639785600,47313.828125,45598.44140625,46219.25390625,46848.77734375,26098292690.0
718,1639872000,48089.6640625,46502.953125,46853.8671875,46707.015625,25154053861.0
719,1639958400,47401.71875,45579.80859375,46707.0625,46880.27734375,30961902129.0
720,1640044800,49300.91796875,46698.7734375,46886.078125,48936.61328125,27055803928.0
721,1640131200,49544.796875,48450.94140625,48937.09765625,48628.51171875,24447979559.0
722,1640217600,51332.33984375,48065.8359375,48626.34375,50784.5390625,28223878108.0
723,1640304000,51814.02734375,50514.49609375,50806.05078125,50822.1953125,24367912228.0
724,1640390400,51176.59765625,50236.70703125,50854.91796875,50429.859375,19030650914.0
725,1640476800,51196.37890625,49623.10546875,50428.69140625,50809.515625,20964372926.0
726,1640563200,51956.328125,50499.46875,50802.609375,50640.41796875,24324345758.0
727,1640649600,50679.859375,47414.2109375,50679.859375,47588.85546875,33430376883.0
728,1640736000,48119.7421875,46201.49609375,47623.87109375,46444.7109375,30049226299.0
729,1640822400,47879.96484375,46060.3125,46490.60546875,47178.125,26686491018.0
730,1640908800,48472.52734375,45819.953125,47169.37109375,46306.4453125,36974172400.0
731,1640995200,47827.3125,46288.484375,46311.74609375,47686.8125,24582667004.0
732,1641081600,47881.40625,46856.9375,47680.92578125,47345.21875,27951569547.0
733,1641168000,47510.7265625,45835.96484375,47343.54296875,46458.1171875,33071628362.0
734,1641254400,47406.546875,45752.46484375,46458.8515625,45897.57421875,42494677905.0
735,1641340800,46929.046875,42798.22265625,45899.359375,43569.00390625,36851084859.0
736,1641427200,43748.71875,42645.5390625,43565.51171875,43160.9296875,30208048289.0
737,1641513600,43153.5703125,41077.4453125,43153.5703125,41557.90234375,84196607520.0
738,1641600000,42228.94140625,40672.27734375,41561.46484375,41733.94140625,28066355845.0
739,1641686400,42663.94921875,41338.16015625,41734.7265625,41911.6015625,21294384372.0
740,1641772800,42199.484375,39796.5703125,41910.23046875,41821.26171875,32104232331.0
741,1641859200,43001.15625,41407.75390625,41819.5078125,42735.85546875,26327648900.0
742,1641945600,44135.3671875,42528.98828125,42742.1796875,43949.1015625,33499938689.0
743,1642032000,44278.421875,42447.04296875,43946.7421875,42591.5703125,47691135082.0
744,1642118400,43346.6875,41982.6171875,42598.87109375,43099.69921875,23577403399.0
745,1642204800,43724.671875,42669.03515625,43101.8984375,43177.3984375,18371348298.0
746,1642291200,43436.80859375,42691.0234375,43172.0390625,43113.87890625,17902097845.0
747,1642377600,43179.390625,41680.3203125,43118.12109375,42250.55078125,21690904261.0
748,1642464000,42534.40234375,41392.21484375,42250.07421875,42375.6328125,22417209227.0
749,1642550400,42478.3046875,41242.9140625,42374.0390625,41744.328125,23091543258.0
750,1642636800,43413.0234375,40672.82421875,41744.02734375,40680.41796875,20382033940.0
751,1642723200,41060.52734375,35791.42578125,40699.60546875,36457.31640625,43011992031.0
752,1642809600,36688.8125,34349.25,36471.58984375,35030.25,39714385405.0
753,1642896000,36433.3125,34784.96875,35047.359375,36276.8046875,26017975951.0
754,1642982400,37247.51953125,33184.05859375,36275.734375,36654.328125,41856658597.0
755,1643068800,37444.5703125,35779.4296875,36654.8046875,36954.00390625,26428189594.0
756,1643155200,38825.41015625,36374.90625,36950.515625,36852.12109375,31324598034.0
757,1643241600,37148.32421875,35629.28125,36841.87890625,37138.234375,25041426629.0
758,1643328000,37952.87890625,36211.109375,37128.4453125,37784.33203125,22238830523.0
759,1643414400,38576.26171875,37406.47265625,37780.71484375,38138.1796875,17194183075.0
760,1643500800,38266.33984375,37437.7109375,38151.91796875,37917.6015625,14643548444.0
761,1643587200,38647.26171875,36733.57421875,37920.28125,38483.125,20734730465.0
762,1643673600,39115.1328125,38113.6640625,38481.765625,38743.2734375,20288500328.0
763,1643760000,38834.6171875,36832.73046875,38743.71484375,36952.984375,19155189416.0
764,1643846400,37154.6015625,36375.5390625,36944.8046875,37154.6015625,18591534769.0
765,1643932800,41527.78515625,37093.62890625,37149.265625,41500.875,29412210792.0
766,1644019200,41847.1640625,41038.09765625,41501.48046875,41441.1640625,19652846215.0
767,1644105600,42500.78515625,41244.90625,41441.12109375,42412.43359375,16142097334.0
768,1644192000,44401.86328125,41748.15625,42406.78125,43840.28515625,28641855926.0
769,1644278400,45293.8671875,42807.8359375,43854.65234375,44118.4453125,33079398868.0
770,1644364800,44727.80078125,43232.96875,44096.703125,44338.796875,23245887300.0
771,1644451200,45661.171875,43402.80859375,44347.80078125,43565.11328125,32142048537.0
772,1644537600,43810.83203125,42114.5390625,43571.12890625,42407.9375,26954925781.0
773,1644624000,42992.55078125,41852.57421875,42412.30078125,42244.46875,18152390304.0
774,1644710400,42693.0546875,41950.94140625,42236.56640625,42197.515625,14741589015.0
775,1644796800,42775.77734375,41681.95703125,42157.3984375,42586.91796875,20827783012.0
776,1644883200,44667.21875,42491.03515625,42586.46484375,44575.203125,22721659051.0
777,1644969600,44578.27734375,43456.69140625,44578.27734375,43961.859375,19792547657.0
778,1645056000,44132.97265625,40249.37109375,43937.0703125,40538.01171875,26246662813.0
779,1645142400,40929.15234375,39637.6171875,40552.1328125,40030.9765625,23310007704.0
780,1645228800,40418.87890625,39713.05859375,40026.0234375,40122.15625,13736557863.0
781,1645315200,40119.890625,38112.8125,40118.1015625,38431.37890625,18340576452.0
782,1645401600,39394.4375,36950.4765625,38423.2109375,37075.28125,29280402798.0
783,1645488000,38359.85546875,36488.93359375,37068.76953125,38286.02734375,25493150450.0
784,1645574400,39122.39453125,37201.81640625,38285.28125,37296.5703125,21849073843.0
785,1645660800,38968.83984375,34459.21875,37278.56640625,38332.609375,46383802093.0
786,1645747200,39630.32421875,38111.34375,38333.74609375,39214.21875,26545599159.0
787,1645833600,40005.34765625,38702.53515625,39213.08203125,39105.1484375,17467554129.0
788,1645920000,39778.94140625,37268.9765625,39098.69921875,37709.78515625,23450127612.0
789,1646006400,43760.45703125,37518.21484375,37706.0,43193.234375,35690014104.0
790,1646092800,44793.6015625,42952.5859375,43194.50390625,44354.63671875,32479047645.0
791,1646179200,45077.578125,43432.8515625,44357.6171875,43924.1171875,29183112630.0
792,1646265600,44021.578125,41914.75,43925.1953125,42451.7890625,24967782593.0
793,1646352000,42479.61328125,38805.84765625,42458.140625,39137.60546875,28516271427.0
794,1646438400,39566.3359375,38777.03515625,39148.44921875,39400.5859375,16975917450.0
795,1646524800,39640.17578125,38211.6484375,39404.19921875,38419.984375,19745229902.0
796,1646611200,39430.2265625,37260.203125,38429.3046875,38062.0390625,28546143503.0
797,1646697600,39304.44140625,37957.38671875,38059.90234375,38737.26953125,25776583476.0
798,1646784000,42465.671875,38706.09375,38742.81640625,41982.92578125,32284121034.0
799,1646870400,42004.7265625,38832.94140625,41974.0703125,39437.4609375,31078064711.0
800,1646956800,40081.6796875,38347.43359375,39439.96875,38794.97265625,26364890465.0
801,1647043200,39308.59765625,38772.53515625,38794.46484375,38904.01171875,14616450657.0
802,1647129600,39209.3515625,37728.14453125,38884.7265625,37849.6640625,17300745310.0
803,1647216000,39742.5,37680.734375,37846.31640625,39666.75390625,24322159070.0
804,1647302400,39794.62890625,38310.2109375,39664.25,39338.78515625,23934000868.0
805,1647388800,41465.453125,39022.34765625,39335.5703125,41143.9296875,39616916192.0
806,1647475200,41287.53515625,40662.87109375,41140.84375,40951.37890625,22009601093.0
807,1647561600,42195.74609375,40302.3984375,40944.83984375,41801.15625,34421564942.0
808,1647648000,42316.5546875,41602.66796875,41794.6484375,42190.65234375,19664853187.0
809,1647734400,42241.1640625,41004.7578125,42191.40625,41247.82421875,20127946682.0
810,1647820800,41454.41015625,40668.04296875,41246.1328125,41077.99609375,24615543271.0
811,1647907200,43124.70703125,40948.28125,41074.10546875,42358.80859375,32004652376.0
812,1647993600,42893.5078125,41877.5078125,42364.37890625,42892.95703125,25242943069.0
813,1648080000,44131.85546875,42726.1640625,42886.65234375,43960.93359375,31042992291.0
814,1648166400,44999.4921875,43706.28515625,43964.546875,44348.73046875,30574413034.0
815,1648252800,44735.99609375,44166.2734375,44349.859375,44500.828125,16950455995.0
816,1648339200,46827.546875,44437.29296875,44505.35546875,46820.4921875,28160889722.0
817,1648425600,48086.8359375,46690.203125,46821.8515625,47128.00390625,36362175703.0
818,1648512000,48022.2890625,47100.4375,47100.4375,47465.73046875,31397059069.0
819,1648598400,47655.1484375,46746.2109375,47456.8984375,47062.6640625,29333883962.0
820,1648684800,47512.02734375,45390.5390625,47062.1484375,45538.67578125,33327427106.0
821,1648771200,46616.2421875,44403.140625,45554.1640625,46281.64453125,38162644287.0
822,1648857600,47028.28125,45782.51171875,46285.5,45868.94921875,29336594194.0
823,1648944000,47313.4765625,45634.10546875,45859.12890625,46453.56640625,25414397610.0
824,1649030400,46791.08984375,45235.81640625,46445.2734375,46622.67578125,32499785455.0
825,1649116800,47106.140625,45544.80859375,46624.5078125,45555.9921875,29640604055.0
826,1649203200,45544.35546875,43193.953125,45544.35546875,43206.73828125,39393395788.0
827,1649289600,43860.69921875,42899.90625,43207.5,43503.84765625,26101973106.0
828,1649376000,43903.01953125,42183.2890625,43505.13671875,42287.6640625,27215995394.0
829,1649462400,42786.81640625,42183.25390625,42282.078125,42782.13671875,16050772496.0
830,1649548800,43376.37890625,42021.20703125,42781.08984375,42207.671875,17654475582.0
831,1649635200,42424.58984375,39373.05859375,42201.0390625,39521.90234375,33949912166.0
832,1649721600,40617.5859375,39388.328125,39533.71484375,40127.18359375,30991500854.0
833,1649808000,41430.0546875,39712.74609375,40123.5703125,41166.73046875,27691105228.0
834,1649894400,41451.48046875,39695.74609375,41160.21875,39935.515625,24342001973.0
835,1649980800,40617.72265625,39866.83203125,39939.40234375,40553.46484375,21756855753.0
836,1650067200,40633.6796875,40078.42578125,40552.31640625,40424.484375,16833150693.0
837,1650153600,40570.7265625,39620.89453125,40417.77734375,39716.953125,19087633042.0
838,1650240000,40986.3203125,38696.19140625,39721.203125,40826.21484375,33705182072.0
839,1650326400,41672.9609375,40618.6328125,40828.17578125,41502.75,25303206547.0
840,1650412800,42126.30078125,40961.09765625,41501.74609375,41374.37890625,27819532341.0
841,1650499200,42893.58203125,40063.828125,41371.515625,40527.36328125,35372786395.0
842,1650585600,40777.7578125,39315.41796875,40525.86328125,39740.3203125,28011716745.0
843,1650672000,39935.859375,39352.203125,39738.72265625,39486.73046875,16138021249.0
844,1650758400,39845.92578125,39233.5390625,39478.375,39469.29296875,17964398167.0
845,1650844800,40491.75390625,38338.37890625,39472.60546875,40458.30859375,35445730570.0
846,1650931200,40713.890625,37884.984375,40448.421875,38117.4609375,34569088416.0
847,1651017600,39397.91796875,37997.3125,38120.30078125,39241.12109375,30981015184.0
848,1651104000,40269.46484375,38941.421875,39241.4296875,39773.828125,33903704907.0
849,1651190400,39887.26953125,38235.53515625,39768.6171875,38609.82421875,30882994649.0
850,1651276800,38771.2109375,37697.94140625,38605.859375,37714.875,23895713731.0
851,1651363200,38627.859375,37585.7890625,37713.265625,38469.09375,27002760110.0
852,1651449600,39074.97265625,38156.5625,38472.1875,38529.328125,32922642426.0
853,1651536000,38629.99609375,37585.62109375,38528.109375,37750.453125,27326943244.0
854,1651622400,39902.94921875,37732.05859375,37748.01171875,39698.37109375,36754404490.0
855,1651708800,39789.28125,35856.515625,39695.74609375,36575.140625,43106256317.0
856,1651795200,36624.359375,35482.1328125,36573.18359375,36040.921875,37795577489.0
857,1651881600,36129.92578125,34940.82421875,36042.50390625,35501.953125,24375896406.0
858,1651968000,35502.94140625,33878.96484375,35502.94140625,34059.265625,36763041910.0
859,1652054400,34222.07421875,30296.953125,34060.015625,30296.953125,63355494961.0
860,1652140800,32596.30859375,29944.802734375,30273.654296875,31022.90625,59811038817.0
861,1652227200,32013.40234375,28170.4140625,31016.18359375,28936.35546875,70388855818.0
862,1652313600,30032.439453125,26350.490234375,28936.734375,29047.751953125,66989173272.0
863,1652400000,30924.802734375,28782.330078125,29030.91015625,29283.103515625,42841124537.0
864,1652486400,30192.802734375,28702.91015625,29285.642578125,30101.265625,28579868620.0
865,1652572800,31308.19140625,29527.740234375,30098.5859375,31305.11328125,25835372065.0
866,1652659200,31305.341796875,29251.884765625,31304.375,29862.91796875,32613897286.0
867,1652745600,30694.490234375,29570.302734375,29862.408203125,30425.857421875,29101473475.0
868,1652832000,30618.716796875,28720.271484375,30424.478515625,28720.271484375,31285268319.0
869,1652918400,30430.751953125,28708.955078125,28720.359375,30314.333984375,33773447707.0
870,1653004800,30664.9765625,28793.60546875,30311.119140625,29200.740234375,30749382605.0
871,1653091200,29588.869140625,29027.39453125,29199.859375,29432.2265625,17274840442.0
872,1653177600,30425.861328125,29275.18359375,29432.47265625,30323.72265625,21631532270.0
873,1653264000,30590.5859375,28975.560546875,30309.396484375,29098.91015625,31483454557.0
874,1653350400,29774.35546875,28786.58984375,29101.125,29655.5859375,26616506245.0
875,1653436800,30157.78515625,29384.94921875,29653.134765625,29562.361328125,27525063551.0
876,1653523200,29834.16015625,28261.90625,29564.77734375,29267.224609375,36774325352.0
877,1653609600,29346.943359375,28326.61328125,29251.140625,28627.57421875,36582005748.0
878,1653696000,28814.900390625,28554.56640625,28622.625,28814.900390625,35519577634.0
879,1653782400,29498.009765625,28841.107421875,29019.8671875,29445.95703125,18093886409.0
880,1653868800,31949.630859375,29303.572265625,29443.365234375,31726.390625,39277993274.0
881,1653955200,32249.86328125,31286.154296875,31723.865234375,31792.310546875,33538210634.0
882,1654041600,31957.28515625,29501.587890625,31792.5546875,29799.080078125,41135817341.0
883,1654128000,30604.734375,29652.705078125,29794.890625,30467.48828125,29083562061.0
884,1654214400,30633.03515625,29375.689453125,30467.806640625,29704.390625,26175547452.0
885,1654300800,29930.564453125,29500.005859375,29706.138671875,29832.9140625,16588370958.0
886,1654387200,30117.744140625,29574.44921875,29835.1171875,29906.662109375,17264085441.0
887,1654473600,31693.291015625,29894.1875,29910.283203125,31370.671875,31947336829.0
888,1654560000,31489.68359375,29311.68359375,31371.7421875,31155.478515625,40770974039.0
889,1654646400,31253.69140625,29944.404296875,31151.48046875,30214.35546875,30242059107.0
890,1654732800,30609.310546875,30020.265625,30215.279296875,30111.998046875,21692004719.0
891,1654819200,30245.80859375,28978.146484375,30110.330078125,29083.8046875,29867476527.0
892,1654905600,29401.916015625,28236.212890625,29084.666015625,28360.810546875,27246574439.0
893,1654992000,28502.685546875,26762.6484375,28373.513671875,26762.6484375,34163220274.0
894,1655078400,26795.58984375,22141.2578125,26737.578125,22487.388671875,68204556440.0
895,1655164800,23018.951171875,20950.818359375,22487.986328125,22206.79296875,50913575242.0
896,1655251200,22642.671875,20178.376953125,22196.73046875,22572.83984375,54912007015.0
897,1655337600,22868.921875,20265.2265625,22576.3046875,20381.650390625,31183975654.0
898,1655424000,21243.3125,20326.51953125,20385.71875,20471.482421875,27132421514.0
899,1655510400,20736.041015625,17708.623046875,20473.42578125,19017.642578125,42009436760.0
900,1655596800,20683.822265625,18067.15234375,19010.90234375,20553.271484375,35329942625.0
901,1655683200,20913.322265625,19689.169921875,20553.37109375,20599.537109375,30818458597.0
902,1655769600,21620.62890625,20415.0625,20594.294921875,20710.59765625,28970212744.0
903,1655856000,20835.75,19848.078125,20719.4140625,19987.029296875,28574793478.0
904,1655942400,21135.76171875,19950.1171875,19986.607421875,21085.876953125,26188097173.0
905,1656028800,21472.91796875,20777.51171875,21084.6484375,21231.65625,24957784918.0
906,1656115200,21520.9140625,20964.5859375,21233.609375,21502.337890625,18372538715.0
907,1656201600,21783.724609375,21016.26953125,21496.494140625,21027.294921875,18027170497.0
908,1656288000,21478.08984375,20620.19921875,21028.23828125,20735.478515625,20965695707.0
909,1656374400,21164.423828125,20228.8125,20731.544921875,20280.634765625,21381535161.0
910,1656460800,20364.15625,19937.791015625,20281.169921875,20104.0234375,23552740328.0
911,1656547200,20141.16015625,18729.65625,20108.3125,19784.7265625,26267239923.0
912,1656633600,20632.671875,19073.708984375,19820.470703125,19269.3671875,30767551159.0
913,1656720000,19371.748046875,19027.08203125,19274.8359375,19242.255859375,18100418740.0
914,1656806400,19558.26953125,18966.951171875,19242.095703125,19297.076171875,16390821947.0
915,1656892800,20258.748046875,19063.06640625,19297.314453125,20231.26171875,21594638208.0
916,1656979200,20635.466796875,19341.232421875,20225.353515625,20190.115234375,26715546990.0
917,1657065600,20595.529296875,19823.51171875,20194.619140625,20548.24609375,24598943708.0
918,1657152000,21771.81640625,20296.103515625,20547.814453125,21637.587890625,25814972520.0
919,1657238400,22314.94140625,21257.453125,21637.154296875,21731.1171875,49899834488.0
920,1657324800,21877.138671875,21445.95703125,21716.828125,21592.20703125,29641127858.0
921,1657411200,21591.080078125,20727.123046875,21591.080078125,20860.44921875,28688807249.0
922,1657497600,20856.353515625,19924.5390625,20856.353515625,19970.556640625,24150249025.0
923,1657584000,20043.4453125,19308.53125,19970.474609375,19323.9140625,25810220018.0
924,1657670400,20223.052734375,18999.953125,19325.97265625,20212.07421875,33042430345.0
925,1657756800,20789.89453125,19689.2578125,20211.466796875,20569.919921875,31158743333.0
926,1657843200,21138.244140625,20397.0,20573.15625,20836.328125,25905575359.0
927,1657929600,21514.404296875,20518.8984375,20834.103515625,21190.31640625,24302954056.0
928,1658016000,21600.640625,20778.1796875,21195.041015625,20779.34375,22927802083.0
929,1658102400,22633.033203125,20781.912109375,20781.912109375,22485.689453125,39974475562.0
930,1658188800,23666.962890625,21683.40625,22467.849609375,23389.43359375,48765202697.0
931,1658275200,24196.818359375,23009.94921875,23393.19140625,23231.732421875,42932549127.0
932,1658361600,23388.322265625,22431.1484375,23233.201171875,23164.62890625,33631012204.0
933,1658448000,23671.927734375,22603.416015625,23163.751953125,22714.978515625,31421555646.0
934,1658534400,22977.2109375,22002.91015625,22706.984375,22465.478515625,24021799169.0
935,1658620800,22974.001953125,22306.83984375,22465.509765625,22609.1640625,23565495303.0
936,1658707200,22649.12109375,21361.642578125,22607.15625,21361.701171875,35574561406.0
937,1658793600,21361.12109375,20776.81640625,21361.12109375,21239.75390625,28624673855.0
938,1658880000,22986.529296875,21070.806640625,21244.169921875,22930.548828125,31758955233.0
939,1658966400,24110.470703125,22722.265625,22933.640625,23843.88671875,40212386158.0
940,1659052800,24294.787109375,23481.173828125,23845.212890625,23804.6328125,35887249746.0
941,1659139200,24572.580078125,23580.5078125,23796.818359375,23656.20703125,28148218301.0
942,1659225600,24121.642578125,23275.703125,23652.0703125,23336.896484375,23553591896.0
943,1659312000,23464.787109375,22890.796875,23336.71875,23314.19921875,25849159141.0
944,1659398400,23415.041015625,22710.083984375,23308.43359375,22978.1171875,28389250717.0
945,1659484800,23578.650390625,22747.8359375,22981.302734375,22846.5078125,26288169966.0
946,1659571200,23198.009765625,22485.701171875,22848.21484375,22630.95703125,25120229769.0
947,1659657600,23422.828125,22612.177734375,22626.833984375,23289.314453125,28881249043.0
948,1659744000,23326.5625,22961.279296875,23291.423828125,22961.279296875,15978259885.0
949,1659830400,23359.009765625,22894.556640625,22963.505859375,23175.890625,15886817043.0
950,1659916800,24203.689453125,23176.546875,23179.52734375,23809.486328125,28575544847.0
951,1660003200,23898.615234375,22982.0,23811.484375,23164.318359375,23555719219.0
952,1660089600,24127.4140625,22771.51953125,23162.8984375,23947.642578125,32837431722.0
953,1660176000,24822.62890625,23900.99609375,23948.345703125,23957.529296875,37127036580.0
954,1660262400,24412.56640625,23657.265625,23957.203125,24402.818359375,27265804688.0
955,1660348800,24860.05078125,24346.115234375,24402.1875,24424.068359375,22987346289.0
956,1660435200,24974.9140625,24206.259765625,24429.056640625,24319.333984375,22994133555.0
957,1660521600,25135.58984375,23839.775390625,24318.31640625,24136.97265625,35123501685.0
958,1660608000,24228.416015625,23733.5,24126.13671875,23883.291015625,27753685646.0
959,1660694400,24407.05859375,23243.353515625,23881.31640625,23335.998046875,30931623076.0
960,1660780800,23563.83203125,23177.6015625,23341.0390625,23212.73828125,23747613147.0
961,1660867200,23213.3125,20868.84765625,23213.3125,20877.552734375,40509610260.0
962,1660953600,21350.806640625,20856.73046875,20872.841796875,21166.060546875,27595671000.0
963,1661040000,21668.845703125,21103.197265625,21160.392578125,21534.12109375,23102307723.0
964,1661126400,21531.462890625,20939.18359375,21531.462890625,21398.908203125,31666498758.0
965,1661212800,21646.203125,20955.138671875,21401.044921875,21528.087890625,31878280659.0
966,1661299200,21783.076171875,21195.005859375,21526.455078125,21395.01953125,31962253368.0
967,1661385600,21789.63671875,21362.44140625,21395.458984375,21600.904296875,31028679593.0
968,1661472000,21804.908203125,20199.482421875,21596.0859375,20260.01953125,42326789564.0
969,1661558400,20340.775390625,19890.5234375,20262.48046875,20041.73828125,30116729776.0
970,1661644800,20139.0546875,19616.814453125,20041.03515625,19616.814453125,24366810591.0
971,1661731200,20357.462890625,19600.78515625,19615.154296875,20297.994140625,32637854078.0
972,1661817600,20542.64453125,19617.640625,20298.611328125,19796.80859375,34483360283.0
973,1661904000,20420.990234375,19799.58203125,19799.58203125,20049.763671875,33225232872.0
974,1661990400,20198.390625,19653.96875,20050.498046875,20127.140625,30182031010.0
975,1662076800,20401.568359375,19814.765625,20126.072265625,19969.771484375,29123998928.0
976,1662163200,20037.009765625,19698.35546875,19969.71875,19832.087890625,23613051457.0
977,1662249600,19999.689453125,19636.81640625,19832.470703125,19986.712890625,25245861652.0
978,1662336000,20031.16015625,19673.046875,19988.7890625,19812.37109375,28813460025.0
979,1662422400,20155.26953125,18800.171875,19817.724609375,18837.66796875,43403978910.0
980,1662508800,19427.171875,18644.466796875,18837.68359375,19290.32421875,35239757134.0
981,1662595200,19417.3515625,19076.71484375,19289.94140625,19329.833984375,32194477850.0
982,1662681600,21439.41015625,19310.962890625,19328.140625,21381.15234375,48469528171.0
983,1662768000,21760.275390625,21168.72265625,21376.912109375,21680.5390625,36913738894.0
984,1662854400,21770.552734375,21406.9453125,21678.54296875,21769.255859375,34493951963.0
985,1662940800,22439.181640625,21603.896484375,21770.1484375,22370.44921875,50212088965.0
986,1663027200,22673.8203125,20062.669921875,22371.48046875,20296.70703125,51091116622.0
987,1663113600,20467.201171875,19793.396484375,20184.5546875,20241.08984375,37872380889.0
988,1663200000,20318.166015625,19636.734375,20242.2890625,19701.2109375,36389011503.0
989,1663286400,19870.62890625,19400.076171875,19704.005859375,19772.583984375,30123362273.0
990,1663372800,20162.53125,19777.033203125,19777.033203125,20127.576171875,24957448100.0
991,1663459200,20127.234375,19387.4921875,20127.234375,19419.505859375,31254779144.0
992,1663545600,19639.48046875,18390.318359375,19418.572265625,19544.12890625,40177002624.0
993,1663632000,19602.45703125,18813.455078125,19545.591796875,18890.7890625,36791346508.0
994,1663718400,19674.630859375,18290.314453125,18891.283203125,18547.400390625,46363793975.0
995,1663804800,19456.91015625,18415.591796875,18534.650390625,19413.55078125,41135767926.0
996,1663891200,19464.671875,18617.552734375,19412.400390625,19297.638671875,38896078052.0
997,1663977600,19310.197265625,18861.974609375,19296.990234375,18937.01171875,26149643168.0
998,1664064000,19134.732421875,18696.46875,18936.310546875,18802.09765625,23359966112.0
999,1664150400,19274.873046875,18721.28515625,18803.900390625,19222.671875,44148798321.0
1000,1664236800,20338.455078125,18915.66796875,19221.83984375,19110.546875,58571439619.0
1001,1664323200,19688.34375,18553.296875,19104.62109375,19426.720703125,53071298734.0
1002,1664409600,19589.265625,18924.353515625,19427.779296875,19573.05078125,41037843771.0
1003,1664496000,20109.849609375,19265.662109375,19573.431640625,19431.7890625,43975248085.0
1004,1664582400,19471.154296875,19231.08203125,19431.10546875,19312.095703125,18719537670.0
1005,1664668800,19370.30859375,18970.62109375,19311.849609375,19044.107421875,20765955327.0
1006,1664755200,19653.54296875,19025.2265625,19044.068359375,19623.580078125,30484729489.0
1007,1664841600,20380.34375,19523.83984375,19623.583984375,20336.84375,35887278685.0
1008,1664928000,20343.748046875,19801.80078125,20335.900390625,20160.716796875,33223790572.0
1009,1665014400,20408.392578125,19900.087890625,20161.0390625,19955.443359375,34711412966.0
1010,1665100800,20041.0859375,19395.79296875,19957.55859375,19546.849609375,29227315390.0
1011,1665187200,19601.6953125,19299.4140625,19546.328125,19416.568359375,16437423167.0
1012,1665273600,19542.5390625,19349.259765625,19417.478515625,19446.42578125,16837262532.0
1013,1665360000,19515.466796875,19102.978515625,19446.416015625,19141.484375,27425022774.0
1014,1665446400,19241.9609375,18925.603515625,19139.0,19051.41796875,28711532910.0
1015,1665532800,19203.19921875,19029.7578125,19052.646484375,19157.4453125,24950173846.0
1016,1665619200,19453.328125,18319.822265625,19156.966796875,19382.904296875,44219840004.0
1017,1665705600,19889.146484375,19115.408203125,19382.533203125,19185.65625,38452356727.0
1018,1665792000,19212.541015625,19019.25,19185.4375,19067.634765625,16192235532.0
1019,1665878400,19389.603515625,19068.9140625,19068.9140625,19268.09375,17988916650.0
1020,1665964800,19635.802734375,19173.333984375,19268.5625,19550.7578125,27472552998.0
